﻿image_name,extracted_text,avg_confidence,line_count
d715871091c760a3.jpg,`10,0.737,1
d512408fbd412ecd.jpg,14,0.697,1
894b53f5252c2be6.jpg,C,0.946,1
2e2c799ddb208156.jpg,,0.0,0
838c5672e7a5e4ed.jpg,,0.0,0
8bc43562bc0be95c.jpg,,0.0,0
c54678f341dcd51f.jpg,,0.0,0
1139456aa3f70a34.jpg,03,0.943,1
2c937d410a6bdc89.jpg,,0.0,0
e1940594396fbbc8.jpg,,0.0,0
fc95af5a7986f9ff.jpg,JOSEPH,0.964,1
5358fc8440bafe4c.jpg,|465,0.948,1
66b1a2a339bc35eb.jpg,,0.0,0
bb33fc45966abce0.jpg,!604,0.696,1
211e79ec67ac7955.jpg,2,0.923,1
5298ad00fa6c17a0.jpg,,0.0,0
0df9c2a6198243c0.jpg,$195,0.984,1
1bb61a35286f9cb8.jpg,ONLY,0.921,1
fbe9a1ccf7e5c507.jpg,,0.0,0
38b6cd95d83e3379.jpg,"2008
TIIANPION",0.572,2
49005719cef63fa8.jpg,"٤٥
12",0.627,2
025a9031c6d69880.jpg,,0.0,0
7751d3a7ced10598.jpg,"Caose
SHARP
000
000",0.838,4
d031cf5986c526c7.jpg,"The
Of Art
E٠H Gombrich
PHAIDON
Story",0.814,5
72448a6018cdd8e3.jpg,JENT  TARGENT,0.599,1
d040051137937c02.jpg,Start,1.0,1
1024966f2d09a22b.jpg,"3T
Call from here
JUST 4Cp for Z0 minutes to UK landlines
Nowyoure talkingl",0.824,4
1bfb5eee71438a44.jpg,آ,0.703,1
2f11d908d4496669.jpg,5٤٠٠٧٠,0.503,1
033949382d674109.jpg,"1591
15
٨
onniversory
/8:08",0.851,5
21ec48fddab2fba2.jpg,"٥
٤#",0.712,2
9a3825ec91975503.jpg,"Construction Of
SECRET
HIDING
PLACES",0.886,4
37a4f4d9e33cccb0.jpg,15,0.954,1
d909ccf8f1ea1b99.jpg,,0.0,0
02da4492e27bfddf.jpg,,0.0,0
e12cac7f4cd927a5.jpg,"1
34",0.764,2
1e43c217a0322ae4.jpg,"MUSIC
MUSIC
LIGHT
LIGHT",0.845,4
1585c2061d4eeec2.jpg,"60
_",0.672,2
a3099c4ee5b8cb9b.jpg,,0.0,0
d4ec147d76f6ed60.jpg,,0.0,0
7f1b39e3d4bfcc98.jpg,BNG,0.913,1
c171bc41bd28bbde.jpg,"٥٤
4-1178
Km
9
JUNIA
ANDALUA",0.878,6
75853316536d7269.jpg,"$
0LEN
Stick",0.854,3
3da3a101ea225e4b.jpg,"WAKEFIELD
8! ANDKEWS
2009
SAUVIGNON",0.783,4
5608d9af219e4b00.jpg,1,0.878,1
ab957d756c483878.jpg,,0.0,0
c3ca1cb7bda2f3dd.jpg,,0.0,0
01ad33d0ee9a7315.jpg,"|RBB326|
00000",0.661,2
5c04257960ee01de.jpg,"FD
0
0",0.566,3
8b8218ccf27383d1.jpg,LG,0.873,1
de57bb32655464ba.jpg,"T٤
KOKO",0.698,2
27ffc284a7e75fdb.jpg,,0.0,0
36be26fe612e8052.jpg,,0.0,0
4a8568db0f925f9d.jpg,LIVRAISONS,0.763,1
64dcf64eba0b0cd6.jpg,"CUFS
C٧P؟
3/4
<2|3
11/2
1/4
CUP
2/3
4
07",0.858,10
9f54efb08ebfaa98.jpg,,0.0,0
039e84b999400482.jpg,"ROAD
WORK
AHEAD",0.888,3
a63fa1d9e98260e9.jpg,؟,0.851,1
9c069712344a811a.jpg,"2014
Rewolf",0.969,2
8bb4a30d4024ff9f.jpg,"20
30
40",0.753,3
7daf8d4ca43496d2.jpg,,0.0,0
1db8d8c37ca7c118.jpg,"N0
OUTLET",0.787,2
214e36f04211b080.jpg,,0.0,0
b0dfddaeebd5d64d.jpg,"٨٥
٨١ ٦٥٥
COFFEE
Extra
ORY",0.786,5
f14dc0dbe9515756.jpg,,0.0,0
ce3038ffde876de5.jpg,,0.0,0
253ce025df6ab8c7.jpg,",mir reicht's
؟
Copenhagen
Lege
Malaga
Hamburg
Parade",0.718,7
d16e71f87eca57d7.jpg,"Mount Dennis
WESTON
RD
1149",0.885,4
c35ad6bf09bff1b0.jpg,"Original
GRAPE
ARTIFIGIALLY FLAVDRED
GRAPE SDDA
02. (355 mL)",0.691,5
2ee1600178f0018a.jpg,"0800
9009",0.916,2
37a027b26e41793f.jpg,,0.0,0
355845365c6eee85.jpg,,0.0,0
6f694e213e92061f.jpg,"5
٥
1
Serve
07",0.73,5
56cd95705dadfd10.jpg,,0.0,0
60cc38f9bf5ccd77.jpg,"QUADROPHENIA
The",0.802,2
004de6286016d7fa.jpg,"N%: 166
305?
SABADO 2 FEBRER0 2013.",0.561,3
9ee6c60736c53802.jpg,"x8
InFocus
3!00
Infoeus",0.827,4
1b96513db165397f.jpg,7,0.993,1
54171626b381b2d6.jpg,flailg,0.885,1
24bec4d1080a9171.jpg,,0.0,0
c22e58921cb59443.jpg,"م
0
linginia",0.708,3
9984260359ce2748.jpg,KESUME,0.563,1
76dc6a5cf82664e8.jpg,,0.0,0
00bec629428e1d73.jpg,٢ ٥,0.516,1
4af9c0432dbc1e0f.jpg,,0.0,0
422da1c8a7cd49d1.jpg,,0.0,0
ac8a67be9a38dca6.jpg,"36
M
/8
20",0.704,4
3164c02b7c9a870f.jpg,19,0.854,1
0a6c78d0ab7744f7.jpg,"ORLANDO
FURIOSO
EDITED BY
4ND",0.768,4
db2f0fc5f8caa1d2.jpg,"Stock
٧H١٤
ZELDA
0K
R٨Y
SHULK
R.0B.
UOHNCFNA
Enter",0.704,9
b05b4919e6e38e34.jpg,"CHANEL
N%5
CHANEL",0.875,3
74ed5ba049277cb9.jpg,"2013
SANTADI
CROTTA
ROSSA
CAHICNANO",0.774,5
157e6c9fbc15bb7a.jpg,"_40
-9
8
5",0.914,4
bb2168ba15ac8eb6.jpg,"WRONG
WAY
ENTER",0.963,3
40305babc0cffc30.jpg,"FOR YOU
Buy US Govt Bonds
THIRD LIBERTY LOAN
KETERUNUS",0.836,4
bca46f6aa2215bc0.jpg,"Coca
Cola
Bottles",0.921,3
00a39c7f39870a5c.jpg,"John.
18 02 2015
IWC
SUN",0.886,4
159145f8dbd829a0.jpg,"Orbft
Orbft
٥٥
21
0
٥٥٧
٥٥",0.771,7
3d647d914e314ba8.jpg,"RIESLING
TROCKN
DRY SEC
WYSG",0.814,4
59d096b2ace22a00.jpg,"GET BACK
LADY MADONNA
ALL YOU NEED IS LOVE
DAY TRIPPER
VESTERDAY
HELP!
LET IT BE
A HARD DAYS NIGHT
PAPERBACK WRITER
WANT TO HOLD YOUR HAND",0.774,10
24479ab9bc2dbeaf.jpg,"د
3
?
09
08
06
.85mm
؟
- N0.R590-6""
INKING
Rule
PROOF
Steel
Siainless
FINISH
MATTE",0.847,16
09ba7425b72a4e73.jpg,"al natural
all natural
MPREMIUM",0.78,3
a2abff68ff57ac45.jpg,,0.0,0
90b4b2f694f1ce86.jpg,"5٥
$3,98",0.764,2
602413ad829dcbf7.jpg,"/R٤
TH٤",0.607,2
15c0f01a6effcebd.jpg,"JAMES BOND DE NOUVEAU EN ACTION!
GOLDFINGER
٥٨
GOLDFIGER",0.6,4
f8d497cad4d99510.jpg,DENI,0.595,1
e5ced42bab420029.jpg,Maft Straubmuller,0.627,1
0010f2581775d795.jpg,"CLUB
HOURS
AM
BOX
SIOW
SUPPER
COMEDY
SHOWDOX",0.799,8
f9a7faf1ff366503.jpg,"٤
٤
؟",0.916,3
0c92e283db6ae0ca.jpg,3,0.545,1
4f0b62bb5f649328.jpg,PAPER,0.987,1
55fe812580a41b6d.jpg,"2009
EXCLUSIEE
OUDE GEUZI
GOOIK",0.835,4
f4ad0ad4ca47136a.jpg,,0.0,0
a090daa2cb15b096.jpg,,0.0,0
c87386107638d931.jpg,"WAS
MAN
WITH
UNINFORMED IDEAS.
OUT QUERIES, SUGGESTIONS,
ALL THE TIME
OVER
EVERYTHING ;
AND
MY ASTONISHMENT THE
IDEAS
TOOK LIKE
WILDFIRE",0.826,13
0fef083ac0b5dff6.jpg,987,0.999,1
9d3ec86554e13e4c.jpg,"49
0",0.883,2
5fb8aa4e8f67269c.jpg,Mind,0.799,1
e046ba36b18fdf85.jpg,"IACK DANIEL
1866
1911
N؟
TENNESSEE
WHISKEY
DANIEIj
JACK",0.796,8
1997ac6ca33a150b.jpg,"Wit
90
1G
W
L٣
10
٤",0.615,7
9eb0c9885604c2f7.jpg,Iuctiv,0.56,1
09413da01e856fda.jpg,MقTAL,0.55,1
9dbcd4323133fe5b.jpg,,0.0,0
b06fdfe90f90e6a2.jpg,"F ULLERS
SPEC
٤SB",0.665,3
14297a09cd0704df.jpg,"٤
=",0.798,2
b5a9a5b5dbaefec5.jpg,"DRY
RIESLING",0.681,2
e29bb77240db700e.jpg,,0.0,0
c93465e7f4d66347.jpg,5,0.761,1
091c95ecb010ca65.jpg,"Whats the secret of my success?
Its Adobe Photoshop
Cream""
Adobe Photoshop
Cream
Reduces miraculously wrinkles and
all skin imperfections  To always
PHOTOSHOP
look young and glamorous.
Restorative Day Cream
Intensive Wrinkle Remover
Day
Day",0.803,13
98309c4c075d7e4a.jpg,,0.0,0
008fc0a1f69b52fb.jpg,"٤NAL
2 012",0.912,2
565daed3d652ebb6.jpg,"Eastern B
0|[-",0.71,2
00b5da1e05b5c60f.jpg,٧٨٧ ٥ ٧ ٨ ٧,0.563,1
72a6caa9f20d6c06.jpg,"ا
styler
Powerfull
wiith Tia",0.717,4
1440d89cf4bf1ea8.jpg,"$
2
Senator
70-72
Lee
GREENS
Rhia
Campbell
Surry
Hills
NSW
Senator
٦H[
70-72
GRENS
Surry
Adam",0.837,17
71d3e3c77d5a432c.jpg,"with thot?
FREE Wi-Fi
KFC",0.847,3
b68cfbe6cbc14443.jpg,"79p 13-19 November 1999 WMMradiotimes com
WEST/WALES
dofaes
Look
Whos
night",0.802,6
20903070fab2afe5.jpg,"200
BASEBALL
PREVIEW
$/5
Hell
Freezes
Over
The Gubs
World Series
Complete
Scouting Reports
Lineups and 62 Pages
Of Inside Info
Winncr
FINAL
FOUR
WARS
Incredible
STAT
Nost",0.836,20
33decd0b95fc3646.jpg,"92003
٥ ٥٥٥",0.704,2
14ca9300660ac973.jpg,,0.0,0
faf47627827b0b39.jpg,3,0.761,1
a928d751ef00ab0e.jpg,"9
10
12
13
14",1.0,5
72fb9c801c70cd1a.jpg,", PRANZO
iculi.",0.687,2
7813e0606b29cad6.jpg,Honokdrowing,0.994,1
0fa80f77c0565d78.jpg,,0.0,0
479ea1b2027a30d6.jpg,,0.0,0
54a84af35aee6069.jpg,"h»l
pn
M9AT",0.756,3
52f65098ace068b2.jpg,"ITIS FAR BETTR
THANTO BE KILLED
JOIN THE ARMYATONCE
& HELP TO STOPANAIRRAID",0.775,4
9cb29ad6ca614bd8.jpg,,0.0,0
2d18a0d7c7f06077.jpg,"email? Yeahh
but no
PUBLIC
PARKING
HpChat
chat,
deo, and file
٢؟٥٤
W018
terrific
idea
sharing",0.727,12
a69848efd9e1baf5.jpg,"0
<
STORY
The
PAINTER
Lie
Lawrence",0.826,7
2fe38b4ded6b2639.jpg,"THIS PAGE
CETTE PAGE EST RESERVEE
LE CAS ECHEANT AUX
OBSERVATIONS OFFICIELLES (11)",0.755,4
a4492a1a6da86305.jpg,,0.0,0
84ef0f60f46ad772.jpg,L6-0958,0.813,1
ea38ebd37e1d2ac4.jpg,"٤
Paper
Ruled",0.87,3
70e76ae6f78e4076.jpg,1,0.575,1
3536af177d464d95.jpg,"ENTERPRISI
ACADEMY
WANT TO BE AN
ENTREPRENEUR
BUT MISSING
THE SKILLS
REQUIRED?
wwwpjea.org
Coersham&Wycombe",0.74,9
6f5f26b5ccb62d04.jpg,|2,0.968,1
3993068ec38edcda.jpg,,0.0,0
171d22fda986e60a.jpg,,0.0,0
04a575f307c7b89a.jpg,"ORNIA
١٤
ORNIA
ALFORNIA
NFANDEL
MA COUN
VALLEYS
2003
200
RVILLE
2004
2003
ON WEST
O ROBLE
DGE
2003
2004
ALFORNI
ORNIA",0.811,19
28c7083ce0f7608f.jpg,"5
1SP
؟
10
/د2
٥٣
Coffee
Coffe
fee
L٥FF
Coffee",0.837,11
0ef0aeb22015977e.jpg,,0.0,0
756c9a9a960de74f.jpg,,0.0,0
8b241d5c6be0a746.jpg,"2010
BIGFO0
ALE
SIERRA,
SURRA
PALE
SIERRA
BIGEOO
KELERW",0.781,9
a1a422edbbd2b0be.jpg,0/i|0,0.644,1
03c1f7f42d34695d.jpg,,0.0,0
c2a42e4ded72325f.jpg,F,0.855,1
d9fb8396fdabed0b.jpg,"٤
؟",0.947,2
7efbadd615402036.jpg,,0.0,0
00ecc16a9eb4a5ed.jpg,"Postbox number
SR1 18
STORE",0.859,3
9d3f8105a5101449.jpg,,0.0,0
0069ee6a94eca6d8.jpg,5A,0.95,1
519dc8e73c5e493a.jpg,,0.0,0
0057ab2abc09c62f.jpg,"Cracker
06
Barrel
JD Crowe
and the New South
One of the best bluegruss albums ever made Featuring:
Douglas, Tony Rice, Ricky Skaggs Bobby Slone
Jerfy",0.734,8
5b7589c84e5dec7b.jpg,,0.0,0
58eec0b35fbbbc6d.jpg,٥٥١4,0.566,1
e708d7f2e93064ef.jpg,"Dictionary
؟٥٦
SIGNP
Search Result
Replay
Patent in Korea
Patent pending in Japan, US, EU
in Japan",0.759,8
60900727464f0758.jpg,"WE STILL OFFER MEALS,
PILLOWS AND BLANKETS
Fly Right",0.83,3
0544689e36f6badd.jpg,"Library
FirSt",0.76,2
8af7081e2050577d.jpg,Soccer,0.824,1
35dc992715d92ef9.jpg,"32017
JARED",0.958,2
246e4978074f8489.jpg,,0.0,0
679b6670dfbef8be.jpg,ACCISS IBLE,0.718,1
bb9428d39f8c2bc7.jpg,3U٥,0.631,1
bbc3c318765994c5.jpg,"GREEIiNCS
٧٨٠",0.625,2
1b7fb0afdbc30ad0.jpg,FLOUR,0.989,1
3482cd2f1df57704.jpg,,0.0,0
93981065dbb3f833.jpg,"BRAND
PEPPER
SAUCE",0.878,3
8d22c165797ca546.jpg,ه,0.871,1
d305ea33f63c3d22.jpg,,0.0,0
0b41461e9717e674.jpg,,0.0,0
9487ef37f745ca94.jpg,"PLATINUM
EGOتSTE
CHANEL
PARIS
EAU DE TOHEE",0.739,5
077c8dc39de85172.jpg,"LENS
NIKKOR",0.909,2
718260a5f7ef5833.jpg,Nerd,0.998,1
2e5fd3feafc93a15.jpg,"CANAD/
2012
0
ا
CANADA",0.797,5
493002982d287d7f.jpg,17 03 2015,0.668,1
fc0442b3a766bae3.jpg,"dun naturaliste
autOur du monde
Shanghai
VOYAGE
U.R.S.S.",0.771,5
ee870ca1ba2d1567.jpg,"12
٥1
02
08
03
٥4",0.936,6
a5ed239910c0bb5a.jpg,"Butterscotch
Beer",0.914,2
f4c34dede7c673af.jpg,"٢
20
٨",0.738,3
d508cdb72603eeed.jpg,,0.0,0
07d8af06d9062d1b.jpg,ker13,0.831,1
7487909ba30ff2fb.jpg,"Transport for
Manchester
Metrolink
Major Roadworks
Completion expected
2016
Enquiries: 0161 244 1555
www tfgm com futuremetrotink
Sorry for any
inconvenience
Town
centre
U R
Greater",0.756,14
c3c5690fc3ac57aa.jpg,Fuiaba,0.701,1
9bb4a90f6986094e.jpg,٧,0.758,1
00901a3bf99aecb6.jpg,,0.0,0
a3abc549d131a435.jpg,,0.0,0
3a9b98a51f4976c5.jpg,"S0UIHBOUND
atat",0.746,2
36a06577dcdca2b6.jpg,"٦ 5٥
pepsi
٥
26 HOLT
28
|2 LAGARES
CF
BOGAERTS
55
GRANDERSON
RF
NAVA
RF
WRIGHT
38
BRENTZ
LF
23CUDDYER
LAHAIR
NIEUWENHUIS
MONTZ
DH
D'ARNAUD
25
BRADLEY
GF
FLORES
55
VAZQUEZ
MONELL
805
30
WEEKS
38
70
TOVAR
28
HTBFT
STRINE
RUNS
HIIS
ERR
SLEEP
٥
INN
JON NIESE
T: 0
$0X",0.857,48
bc864431fbfda2c5.jpg,"black
black",0.998,2
121e9c0b68bcde2f.jpg,"٢
KIBER",0.658,2
1e72f8b49c4879c0.jpg,"Cracker
Jack
FUTURE HALL OF FAMER",0.85,3
2db125f90febe59a.jpg,"٥٧٤
tive
BEIW
ahhf
instant",0.785,5
2fece374b51e2d2f.jpg,"With unique
2H8-8586
Mode1",0.735,3
7878172629e4f3c5.jpg,,0.0,0
3a6b9e1d7d162d3b.jpg,"7
FR٤٤
6565
BREAKFAST
DINNER
Serve
BreaKfa s+
Lar9e",0.784,8
efb75c8ddd5e3885.jpg,"1849
IARMUNE
NATURELL[
FRANCE",0.766,4
6a868f416b1ae2dc.jpg,,0.0,0
d123fc31ae7bc3a3.jpg,"٦٤
RAB
SCEPIICAL
RING
THE
$0[
CHYMIST FRIENDS POEMS
PLAYS
AND
OLD
8Y
BOTHER
VELIOW ELINA
BOOK
BYJOHN
BROWN
ROBERT BROWN
30
ROWNIN
ANNY
URNEY",0.75,21
cf36ae39dc0e87e0.jpg,"5
٨[
342
٥٥
آ٨٥٥٥
٥٥
4.8
IOMORRO
٥٥
WHER E
٥٥ ١
4.8.
EVERY
١٧٤
H٤8",0.716,15
614461a17b05be46.jpg,,0.0,0
49d9ddd66e9bf1be.jpg,٥,0.886,1
6cacbe6548132e7f.jpg,"FRACTION
FRACTION
ENGLSH
ESPANOL
FRANCAIS
BAHASA INDONESIA
0?
GALEULATRIEE SEIENTIFIQUE
٤٨٥
M+
Photo by: Asim Bijarani",0.734,11
c930e3ff0499dd84.jpg,ESSENTIAL OL,0.769,1
078f5b3c3da7c7fc.jpg,"20
30
2003 T251",0.972,3
dd2e253403a792bf.jpg,Khwepper,0.592,1
41417d2fcee9de1a.jpg,"NIVA
FOR MEN
SHAMPOO
VERFRIST HAAR
HOOFDHUID
Cheveux normoux ةgros",0.821,6
ee30729e22f1ed16.jpg,,0.0,0
00b4190b562b62eb.jpg,Beechcraft,0.935,1
43dbef81de646cf1.jpg,,0.0,0
912efd20e7c3223b.jpg,"HPABHA
PEKAMA",0.802,2
6b8add95fa9acc23.jpg,"3
0
4
5
nformation",0.933,5
64bc09d5e06d9a2d.jpg,"٣
George IV Shilling
1826
؟",0.766,4
31eb62ebc7833223.jpg,؟٢٥,0.536,1
0334eea69a37e9ad.jpg,"BUS
TOUR",0.961,2
5d2d6650c1dfd4ae.jpg,مس,0.603,1
dedd5df1dca5553c.jpg,,0.0,0
5eecb70fe603bd9e.jpg,,0.0,0
29a56287faf3e802.jpg,٥,0.506,1
bcd6f82e5c1a4424.jpg,"Disffula
fiestas de",0.755,2
7808d446f40470a4.jpg,,0.0,0
ca6e7afa62c45a47.jpg,٥,0.993,1
9c2d8ce43ee4ba01.jpg,"Fxpedid.co
27",0.841,2
679a7738932468d4.jpg,؟,0.847,1
5b6e78a4305ee39a.jpg,"NS
DAx",0.655,2
792bd339f3f8c70b.jpg,JARTAZI,0.898,1
4952cc3277229b18.jpg,"LAGANSIDE
RURKING",0.772,2
02d7a6da7ce8e5b3.jpg,,0.0,0
42a8dbf48a898442.jpg,"d٤ Ia Ilbertel
The Taste of Freedom!
Frsedoml
7>-
٤",0.732,5
8f86829ea9e2ceef.jpg,TCC,0.998,1
00d52121e1ba3a2b.jpg,,0.0,0
3752f7b228f804c2.jpg,,0.0,0
9cf9d0948b895c58.jpg,"Brand
CHECKS
ATM
pRIVE THRU
INE
347",0.842,6
c3b3e5cf5f9abbb6.jpg,"BALARI
ROCk
Rock
ICC",0.816,4
022be8ef346e3009.jpg,"Verbatin
1324
EPSC",0.882,3
a9433f8af709aa31.jpg,"the story
BUIL٥
the models
PLAY
AMBUSH IN
EANYUNS
DESERT
ATTAEK",0.848,8
cff15612d6deb987.jpg,"1?
388",0.654,2
e6331925eab49904.jpg,option,0.738,1
7ceb225d2bccc517.jpg,70,0.987,1
aeb9b4328b7912f2.jpg,٨٥,0.916,1
76ffd3e14be92db5.jpg,"PG
16
PG
Rcal
7:30 PM
107 EAST MAIN AVENUE
RITZVILLE WA 99169.1450
509.659.1950
٤
AUGUST 17
3 PM
KRISTYN HARRIS
Acodemg of Western Artists
2O14 Western Femule
the Veur
2012 Femule
the",0.822,17
ac5595cc1434de5a.jpg,":
CAPS
9",0.797,3
5c7f7050e696ed6f.jpg,"BLISS
neUro",0.744,2
2c132931fbd0b8eb.jpg,BANK,0.526,1
9ffb12ca97f074f7.jpg,"د
دسه ل",0.632,2
4f60ed496e41c410.jpg,"JAPAN
5
5
1
1.5",0.991,5
0d3f732f8eb6504e.jpg,"Toke @
breok.
Distiniclive
badges
So Cfe full wheel
find
Musleng V8
up in life
font ond reor
Deep
comfortoble: $2881
peling
foo profile
fully insulalud
FUTURA
quiet
٥٥٨٤",0.676,17
ea8f337c661f684f.jpg,"KALEA
ITXITA",0.641,2
ac3196fa33ad7043.jpg,"ST
ETH",0.548,2
b9d6920b112504db.jpg,Expedid co,0.69,1
364480dd71d4bc15.jpg,.074|,0.579,1
0161faa394d8f6eb.jpg,"70
3ELLE VUE",0.76,2
10d38961aee4edff.jpg,"NATAN
NATAN",0.98,2
96cfab571c180b60.jpg,California,0.77,1
6408436b24900bb1.jpg,"3
2",0.967,2
5627a67af058bd36.jpg,,0.0,0
2778d5a7ea400111.jpg,eB,0.617,1
3d1e24df80f31791.jpg,"LG DIOS
0|0S",0.721,2
98005b9c129ca906.jpg,"Starlfght Ballroom
123
POK E",0.703,3
e885080c72ff2d21.jpg,,0.0,0
029674eb10cd5d0c.jpg,Stogecooch,0.818,1
1a4dba33b9fafb64.jpg,,0.0,0
316858413b8cd7ee.jpg,30,1.0,1
a752e2aecd0bfe2e.jpg,,0.0,0
0c0f40dde4a4e770.jpg,LANEIGE,0.785,1
6b5030ad2df681c7.jpg,"؟
٥٥
23",0.77,3
9e4500babc32de0d.jpg,"BERORIG
USFARLG",0.653,2
90ca854541e275bf.jpg,,0.0,0
0f408b5b64831ca7.jpg,"THE BLACK
DAHLA",0.748,2
90337587af5bc3b3.jpg,"؟
٤0
؟
؟
5
٤",0.818,6
1b29ee575dbabfa4.jpg,0?,0.505,1
b861e0309857bf11.jpg,10L,0.728,1
420a798e11e9b91b.jpg,/,0.861,1
0d3eb38d0b288091.jpg,"ALASKA
16
LII",0.961,3
f994eedb765278ff.jpg,"Fl٧
?3",0.651,2
1526520f65bff202.jpg,"SHIPVARD
SMASHED
PUMPKIN
AL٤ WIIH
9.0% ALC.IVOL
1 PI",0.735,6
0be321c1d48a558a.jpg,"MIRROR POI
8R٤
DESCHUTES",0.735,3
5091a81c0cdf53e4.jpg,"٥I٥
GIROMEX
٥٥٥
QARNE
DL HUAR",0.775,5
4132fb35a84fa7c0.jpg,"ا
٨٧
٢١٤
AV AAR
TWITTERATURE
The
SURNAL
٥٧١٥٤
Geof
Robertson
Authot",0.843,11
a6b7775b00cbcb0f.jpg,NA THAN,0.767,1
d5fc8783349d4eb8.jpg,"Cmplele
lusic
WALBR",0.75,3
5ffa409b545e6049.jpg,"URUPT
٥٥
versal",0.886,3
981e06b58e3babde.jpg,"nim
dahi",0.992,2
1ef4172de565167f.jpg,,0.0,0
31c7819a0292a911.jpg,"60
51
83
61
63
73
23
50
23
32
20
81
41",0.855,13
00295689562e67a7.jpg,C OM,0.783,1
1c8ed5089bf1edeb.jpg,"MAS
4007
AMIEL",0.932,3
124c43022faacd53.jpg,؟,0.975,1
4dd8e71db77aa536.jpg,,0.0,0
b811235461a6cc6a.jpg,"CORDIAL
CORDIAL",0.988,2
30acfea0c24e0518.jpg,٤,0.661,1
7f9ae5bcd428d115.jpg,"٢0
15
٥
5,
3
1?",0.795,6
54ba359cd0a63fe8.jpg,"٤
DICTIONARY
DICTIONARYأ",0.707,3
da523df5ceafda0d.jpg,,0.0,0
7f9a0a1b39f8c710.jpg,"RIP
RIP
4",0.82,3
064068705af4ecab.jpg,"ROL تX
J٤MARINER
SUPBR
ALLY CERTIFIBD
٥٤",0.684,5
13292b5571c3c443.jpg,30,1.0,1
05040557d4d4ef42.jpg,"Apple
Peah
٧٥",0.599,3
b2b2303ef8e5344c.jpg,,0.0,0
944a21b6206fd29b.jpg,C5',0.649,1
a6c770c55743d796.jpg,4[,0.658,1
571e75e61ce7ca2a.jpg,"bu
}0
The
0nly
0{
15
0ur
or
^٢
du0
refurbished
-daughter
doesnt
kind
green
wilh
stor
0n&
Ihat
specializing
believe
totally
around
deserve
Ihar
ded
doesn'
walk
furnilure.
discart
and
- furnilure
having
bchind'.
road
{he
reusable
Means
Piece
when
know,
believe
Piece
Piece
Ihrown
needs
landfills
dowh
creafivily
history
Found
buyin9
you're
305-5|0-82|
MOr&",0.758,55
59f074aa8b7861d5.jpg,"TREE
BREW",1.0,2
03171556037898c8.jpg,,0.0,0
15d3cc7e81c1e6dd.jpg,2009,0.992,1
1a565a40e6fa8300.jpg,"RIDING
RISE in
Private Fquity
ADAPTING YOUR STRATECY TO",0.803,4
e2d19d682d94ff49.jpg,"CALIFORNIA
ا",0.627,2
f281bd764f2406fa.jpg,,0.0,0
19cdd8773cd3c914.jpg,"WELCOME KIT
Sataricom
٧I5A
USER
GUIDE
+054",0.735,6
abcfcdbdb56cfdea.jpg,,0.0,0
95ffb1dd18fae849.jpg,,0.0,0
0bc767f2d44f9c84.jpg,"FR٤٤
IBEIIR",0.747,2
02bb5655ce627b56.jpg,"40
40
OLD[
ENGLISH
'800",0.699,5
c51c75ab80d5b749.jpg,"2007
NOV",0.917,2
8a8445da15b2a836.jpg,FAALY+ STAND,0.5,1
07fc683a5d6140fc.jpg,8359/,0.595,1
5b2811fa60552dc6.jpg,,0.0,0
01d40ca30456c005.jpg,"PIRATE
Goodideas are made
tobe
copied",0.858,4
0f1c7553a24a5070.jpg,"٧٤
RIVER
GIN
BACK",0.987,4
25d8358103eb68ad.jpg,"1٥
DAJAN",0.533,2
379fc9f2c51161ac.jpg,"ا6
Hosted
socialedge",0.698,3
00d03a35f54e8386.jpg,"V7-122
%7",0.73,2
f879d67476e2c607.jpg,"INSIRATE, MARGARITE",0.853,1
a0ef202f025bed32.jpg,"Umbridge
s wand at
the
e other
side
0/
in
Army
readin8
mail,
sai4
Harry
attacked
Theres
Hermione
no
grimly
bullfrog
outraged
Watch
that
the
his
had
hand
table
your
best
` Accio!
lessons
hopping
much
which
and",0.822,34
23dd8c17caecdb3c.jpg,,0.0,0
9f54c41c5cefd9eb.jpg,,0.0,0
e7b54b932696b900.jpg,"3
٦٢٧",0.69,2
66e16785047c416a.jpg,"(
bor
9974",0.701,3
2ac299119c38a5be.jpg,"EAST
Southern
Parkway
1/2
MILE",0.922,5
a5fe936cc2bab119.jpg,"5
٤٧٥
WHT
٥٤٥
٥٢
6RN
٥٥
$4/7",0.7,8
014f7221241d94cb.jpg,"14
then",0.75,2
6a6579b458e7d53c.jpg,"UCIFERICE FLORI
LUCIFERICE FLORI
Edenul pierdut
$4٧
Edenul pierdut
Nicolae Baltescu
Nicolae Baltescu",0.815,7
cac1582d318aaafc.jpg,,0.0,0
feab08cd3bf0ecd6.jpg,,0.0,0
8b8da9fd485899a8.jpg,,0.0,0
667384ae46bfd8c1.jpg,,0.0,0
9fae3b880f0cf6a3.jpg,٥,0.6,1
cc608fb611839795.jpg,"B VITAMINS
PROBIOTICS
LYMES
organic
r٥W
KOMBUCHA
SODA
.LMON",0.783,8
1f570141421f37a8.jpg,,0.0,0
60102e448ae6144e.jpg,,0.0,0
77525f5336b9856d.jpg,,0.0,0
fda446d101d78b33.jpg,؟,0.53,1
7cc63d5e79e5e525.jpg,"Writing to Let Co and Begin Again  clarify,
contemplate
create a
powerful 2OIS
Saturday & Sunday 1 to 4 pm
661. 444. 2735
Solshice
Week end",0.708,8
7f1786eca237f5e8.jpg,,0.0,0
a064ee47c57d7a15.jpg,"thsguardian
Paolo Di Canio and the Fءword
smallbusiness
The network for
innovative
IriSight
regional events
Paolo Di Canio stnkes
Photograph: Ian Macnicol Getty Images
IL DUCE
ET NON DECORUM EST
Sign up for FREE »
ran very much on time
make Di Canio even more welcome
there were threg security men in big black coats on the door and
dissent was barely tolerated
7",0.742,17
5f4d8622b696b18a.jpg,"|0
(00
(0",0.829,3
1b4b5ff55491907d.jpg,"ST0P
BY Patrick McAndrew",0.726,2
7be55c6c7b223f2c.jpg,I٤MNIFER AANER,0.502,1
629023a813c058d0.jpg,,0.0,0
69123df6ee074cc9.jpg,,0.0,0
7f9c26f293e468ca.jpg,"6|9
7|0
7|1",0.931,3
53acadec98b37d27.jpg,,0.0,0
bf5a672433890586.jpg,,0.0,0
0561157a053ee700.jpg,98,0.53,1
0d9def8ec0577696.jpg,,0.0,0
aff604f54b377396.jpg,Alur,0.718,1
df824b1152781395.jpg,"Charcopa
2/09/1992",0.73,2
f69007a16720393f.jpg,٥,0.921,1
eebd48ac873f2700.jpg,"PERFECT PROTECTION
NOW AVAILABLE AT APOMEADE
50+",0.771,3
bef3d23aa07aa212.jpg,"DROWSY
DRIVERS
NEXT
٤x١T
5
MILES
FATIGUED
DRIVING",0.883,8
058922ff596fb694.jpg,,0.0,0
0079626afbcf18b9.jpg,"٥
12
1:10:18
1200
speed
10.5",0.687,6
578633965bc16a6d.jpg,R,0.913,1
7220448a8cf6ff9d.jpg,"T0
DONT
HONK
$350
PENALTY
ATTENTION
DRIVERS",0.901,7
d096324943146ae0.jpg,,0.0,0
bf529fa1ea383d3f.jpg,"ConL
٧٥٧",0.752,2
36cdfe745833b700.jpg,"7
3
NESCAF
٤79>د
1١",0.8,5
a08ef37b75b6366a.jpg,VODKA,0.685,1
1e9fe411a49e2174.jpg,SONY,0.511,1
34f3a01640f75937.jpg,"TRIODOS
8
؟",0.822,3
bf325876a6a7b1a7.jpg,"7 ٥
This Laptop has been Recalled",0.747,2
2d18ec1914949ece.jpg,,0.0,0
e8aeacd0a1f59c35.jpg,"Moming
GROWING UP IN SINGAPORE
IN THE 195Os AND 196Os
Go0o",0.708,4
8dfe0e99b5c97a31.jpg,0,0.766,1
aa6f0f8b83538a34.jpg,"T R I A L
1820
18?1",0.74,3
2f9237c2cd935f0e.jpg,,0.0,0
91a6db8cdc11b884.jpg,,0.0,0
0c7d52785bfa80a2.jpg,"New Glari
(
Brewiny
Spotted
ALB",0.723,5
ef03888df06a8200.jpg,,0.0,0
a95faa37484790b0.jpg,"Warming
Faster
٢ha٨
CL٤
Predicted
TREES
١٤
٥٤
WARNINGS
٦H٤
AB٥UT",0.663,11
33855e2aee7587f6.jpg,"PI
PIK
APPL
PI
PI
JUICE
APPLE
JUIC٤
JUIC٤
٧٨٤؟
SUMMER SNOW
100% AUSTRALIAN FRUIT",0.85,12
c24fb4347e723cf3.jpg,"٥
#
#",0.842,3
27cbe36c9c756d6a.jpg,"16
18
|9
43
4'6
48",0.754,6
1b2195d9cd1b2b6f.jpg,,0.0,0
16bdb3d158a09f1f.jpg,"LG
LG
SUPER D
=L||
داء
5.68",0.805,6
8f5ccda3bdf5311b.jpg,؟,0.69,1
07c44727285d8060.jpg,,0.0,0
008125630eaf4f05.jpg,"LILLBURN VALLEY RD
BIG TOTARA RESERVE 23 km
LAKE HAUROKO
CLIFDEN",0.86,4
0fd1f5f23c2dbe2f.jpg,ON,0.972,1
a94a07f08081f00c.jpg,6,0.589,1
ceaa943a559af30b.jpg,"55,95
5950
7-$
We Shoot Springfields",0.721,4
a0e1e771fac7c48b.jpg,"OF
٢ ؟
[
The
0{
Photم Repost
Marx
SIGMUND
FREUD
THE
The
INTERPRETAI
Book
DREAMS
AnOulined
٨٨٥
imitations
RICH
MIND
FUURE
ENDING
TIME
J Krishnamurti
Psychoanalytic
Bohm
Interpretation
KROPOTKIN
Hist
REBLECTIONS
01",0.836,30
fd16f00ef237c7a6.jpg,"SPORTIN
FLY YDUR UWNFLA
30",0.77,3
007a0eaa8594488c.jpg,"٤
Syruf",0.768,2
208f594f26d9d909.jpg,"SuratIIes
128",0.654,2
27119dce8d2dc974.jpg,,0.0,0
1001f5f1dd322731.jpg,,0.0,0
cc381b1773ce39c9.jpg,Playland,0.735,1
22696d5f5c931509.jpg,"BlackBerry
Alise A
Last seen yesterday 18:10
Sally Michaels: How are you? /804
Alise Ai Im great! How are you
Sally Michaels: Fantastic!
18.05
Sally Michaels: What are you doing this
weekend? | 8 0S
Sally Michaels:
having a party on
Saturday night
Sally Michaels: Hope you can come
Alise Ai
think
am free on Saturday
Alise Ai Should
can you chat right now?
Hey",0.738,19
4ee8b5b510144a85.jpg,,0.0,0
78b72633a20b6012.jpg,8,0.592,1
fbe51d8fb58c8acb.jpg,"ESTABLISHED 1827
Soapine
WILL NDT INJURE
HANDS& FABRIC
PROVDENC E Rl
KENDALI",0.811,6
061c45e63f462e82.jpg,"S.F
٥٥
Srd
F٤B
GAINTS
)2012
. 7941609",0.677,7
07b9199c77ca174b.jpg,"PRIORI
USPS PRIORITY MAIL
٥٥٥6
FRAGILE
HAV",0.797,5
43bf3c9e9ea7aff0.jpg,"M A R K
RYE
WHISKEY
A PRODUCT OF BRITISH COLUMBIA
4٥",0.821,5
1291ea0112ac6fe6.jpg,,0.0,0
51a0d5043fbdfb45.jpg,,0.0,0
cea0cc39fb175be5.jpg,"BOOKS
^
TPOCRAPHY",0.673,3
03a568bf2eddea1d.jpg,"؟
٤",0.692,2
bd7acbe501992f6e.jpg,"New Trial Now!
٥
9 am ABUJAMAL",0.741,3
74d6089d946c1e5a.jpg,"236
07/01/2008
٥ ٠٣٥
235",0.87,4
27daab2f2e5e4080.jpg,"NATRAL
BIRDS",0.822,2
dbf4c96c188b5f4f.jpg,"f٥٣
Strand
Recycle
component {",0.829,4
e752efa6ffaf8266.jpg,,0.0,0
b5c44133e74c16ef.jpg,,0.0,0
85b76f3392f0f837.jpg,ANALOGUE,0.845,1
24b5125dfe480ff8.jpg,"Menu
Iorade au fromaga
NOUVEAU
350
550",0.8,5
a1a594a84e913fcb.jpg,,0.0,0
6c15613d6e9ace28.jpg,"Snesgellation
SHUTTLE PARTNERS
S/sc0
RAMS HEAD
1.888
FN
N",0.645,7
3106c436ffcd90a2.jpg,,0.0,0
7deb205da5cf74f6.jpg,"holidayد
hopPy",0.716,2
c1309467624becbc.jpg,"190
of each
for the
age
the
only are
and of all
0f
[
and
fpirit of
conjec
f0
at the
an
pens
who allowed at leal
port the world
In
four
word,
fo ftuffed with falfehcotis
romance to
mnore
eligible
than
thof
colledtions
boundlefs
ocean,
We have made a flight extrae, painting tal
age in frong characters, and
The hil
* This
natural enough
much danger in writing on recent facts
furtune, it it not fo here.
a1dt0 }
When
reflett
convinced of the impoffibility of
muft be
The modern is more
probable ;
truth there
alinoft
bability
falfehood
Moreover , we learn
between
Each hifforian
trom modern   hiftories
ideas, almoft
in Ihe fame
faCts
his
does the difhes
muft read in the humour
cf thc cook
THE
KING's
tions
rothing
LIBRARY ,
are
cotemporarics
tinterefting
prefent
number
wrote
laborioufly
have
ancicnt
turned
attention
from
prefent
teinpted
difplared
Many
have
wcakncfs,
little
that
known
feveral
fingie
univerfal
hiftory,
{ corered
Indians,
romantic
disfigured,
hiflory
fc&ions,
that
where,
defcribing
great
and
and
palate",0.784,102
8c70de4bc33b74c3.jpg,,0.0,0
847265168cf9eb92.jpg,"(
OHNISOI^
^077/^3$
$٧٨0
SVSVO",0.596,5
4ecb950c5ac21d07.jpg,"NESS
759",0.929,2
e9e9d9b60db59083.jpg,"N5
|٥5",0.67,2
e0186c1c62818654.jpg,"12:36
Bert Kommerij
26-Aug-2008 12:28
Stifo zegt ja tegen media
me! Pfff
Opties
Beantw
Terug
2
٥٤F
4
5
GHI
MN٥
7
8٢
9(
PORS
#٢",0.819,19
77c53b70ac92c928.jpg,"EBASKA
Mind",0.646,2
9d2a2c7ac284961b.jpg,٤,0.686,1
8a215c1ddd21bd55.jpg,"Special
Beer",0.982,2
02e504de213d8ce0.jpg,"People
tonnecting F
Nseries",0.893,3
7418c93ff0ac7486.jpg,NIXON,0.997,1
fb62ffd8f378c98a.jpg,"Teen
her
childhood here
her
folk chronicler and
the
room
his way
his
Seminole dresses.
Easter
0f
in Room 1oo, Sid
of what
theory
killed herself,
01
somebody
here, or Nancy
in and
Spungen
Sid to take the blame  Bob Dylan was
killed Nancy, leaving
inthe
around his Blonde on
Blonde heyday,
with
whose
amphetamines and
he may or
not
Sedgwick
been singing about in ""Just Like
Woman
And thanks to Dylan
Thomas, who drank himself to death here , and Sedgwick, the It- Girl
turned burn  victim who set her room on
it is the only hotel I
can
think of where people unfamiliar with New York
the
hospital St Vincent s because the phrase
rushed to St
$ tends to
Atthe
and
The
goes atmosphere isn t without its
of the
spent much ofthe
great
of the American
In his
what he calls the
the
Timebends, Miller de -
then
Holfmann
with
lover
spent
American
Superstar
Warhol
bursting
around
with
wiggled
Smith
and
Depending
Ukrainian
Vicious
killed
happened
Nancy
broke
flirting
Edie
pearls
may
have
fire ,
know
Vincent
Chelsea,
famous
centricity
crime,
anything
hazards
Arthur
Miller,
one
century,
moralists
'608
; living
ceaseless
here,
, Chelsea
attending `
party
scribes
, walking '
autobiography  '
into
young
back
handia",0.812,110
73af8380f42d2349.jpg,"WWW SACKPARLIAMNT.ORG UK
SACK
WARS",0.738,3
cfb5008e948031bf.jpg,"MALT
MALTAGE
28-
VAMAZAKI
YAMAZAKI
MARS",0.814,6
091818630db53396.jpg,"0
Temps",0.651,2
f3ffe3065a01167d.jpg,,0.0,0
2ac4fc849f07bc50.jpg,,0.0,0
32ab778afcea93d9.jpg,,0.0,0
6b654cc8ecbc6219.jpg,,0.0,0
6f5248a39ea57936.jpg,,0.0,0
b4c3501e6d1cda7e.jpg,"ENAMORE
٤
[2/.99
||.49",0.804,4
1d45ebf17653be85.jpg,32,0.535,1
00dd785b54674737.jpg,"VISIT0RS
DRINK
SOUTHRN
FATIGU=
/23456789|0|||
CHAT
11510
SafetyRazor
One Dollar",0.691,9
5166ac0d6060963e.jpg,٥٨٧,0.561,1
d23be7ca475ecca3.jpg,"7
22
hypermarket
23
Jirkov
OTEVRENO
hod",0.779,7
6fca23bce1d0b5d9.jpg,"ATON
AIRES 4ZK
Ciudad",0.779,3
e854fcc35d79cf14.jpg,"SERIES
B R EW ERY",0.847,2
966b0c0ac6c93ec3.jpg,,0.0,0
06e9a81ceb6769a3.jpg,STOP,0.611,1
6cd4bea854f9deaf.jpg,"200
300
7 00
900
300
٥٥٥",0.799,6
ec9bc06dcdce29d6.jpg,,0.0,0
e9e645bfe309e61b.jpg,,0.0,0
15a86b7cb9f1418b.jpg,,0.0,0
69c8cf5f08c5aad0.jpg,"FRONT
MARINEA",0.64,2
729d39a7a68fdf56.jpg,"٦4
PCII",0.697,2
cabbef8253001786.jpg,,0.0,0
0ee6f9cf15c80685.jpg,"aL
1
R
&C
)1
ashl
»
»
mun
sht",0.762,10
079e8c6c050b34f6.jpg,,0.0,0
627037c35f82c200.jpg,"Wheeling, W.
Va.
80148",0.815,3
db4ef66358454164.jpg,"leggic Veggic Veggi
Fre
Frc
0g Saturated fat
15 Calonigs
0g Saturated fat
I5 Calories
673
& 50y
Grata
Grated
٥
PARMESAN
PARMES
Iactofe",0.632,15
cbaa262aa370a64e.jpg,,0.0,0
e95f2ac21f204da8.jpg,,0.0,0
b6289b61080fdff5.jpg,"KEEP SEEKING
J١
.ORG
JW
.ORG
FIRST",0.76,6
00560c3045b4f1d5.jpg,NA,0.991,1
4b28c17af728da86.jpg,<,0.73,1
7f0af0c48732b6dc.jpg,"Rust
College",0.938,2
8a8996a09025ec78.jpg,,0.0,0
0872c3df6b711f98.jpg,"$
7",0.726,2
604ffb8ccd69c702.jpg,"٤ ٧ ٤ ٨ ٥ ٢ R
W ٨ R",0.755,2
3eb794a6490d3096.jpg,Getac,0.896,1
ddd4c7da227af236.jpg,٨»٢,0.531,1
6cbcc2ebf554af12.jpg,,0.0,0
1398b358e4366e49.jpg,10 /,0.79,1
e281a4521faefdcf.jpg,"857
Nationa",0.735,2
99a5d3004a64a90a.jpg,4 COLLECTOR S GUIDE,0.502,1
e904c4dca8e64315.jpg,"AU0!0
0",0.708,2
5142c6b25a1c79e3.jpg,STOP,0.907,1
aa74411540bde5bc.jpg,,0.0,0
03da08d40082ee4a.jpg,"07
WSSINIIAURENI
0.29
08,59",0.766,4
dcf4f4e9b4c7ac3a.jpg,,0.0,0
ac1448af65e1c84c.jpg,"0V[R 6,00 LBS",0.635,1
c6a4bf501bd7553e.jpg,"I
2000
٨١٨
ة
RYVITA",0.704,5
6536316437abc6dc.jpg,">
ام 0
NAKED
LADIES
6000
8001
0 ١ ٢ ١",0.72,7
5f1cddc0f3c6835a.jpg,ST0P,0.859,1
c93ee40e95bdf715.jpg,ARTOIS,0.688,1
7bc82d7310cc7d93.jpg,"FREE
NEI
LOCITION
ALFRESCO
[
Rochabilly
06 Tailer Band
Country Rock
09 Radio La Ghusma
13 Tejas Band
Spanish Variety
Classie Roch
27 Sobredosis Del Sabor
Salsa, Cumbia
23 Brown Betty
Classic Rock
Latin Ska
Classie Roch
08 Windy City - Chicago Tribute Band
15 Joe King Carrasco
25 Sha Vonne
Pop, R&B
22 Abe Mac Band - Country
705
05 Prime 8Os Xperience
Retro
12 Troupe Sublime
.GOM
Latin Variety
Idea",0.77,30
010cdb580b439adb.jpg,"2
6X
100%,
Green
apple
pr-
٤
100%
spinoch
kissoble
peclous
mint
٤
ecencorg
honestlg",0.674,15
2221e34c41d99554.jpg,"٥
BEST
BU
MARKET",0.848,4
ae5292d160537db2.jpg,"Assigned
Cuard
ONLY
Other   special  plates
handled in the
Main Lobby Room
(Room 100)
|FREEDOM""
National
PLATE
FIRST
AVAILABLEI
NORII
DM",0.747,14
d709940b064b2ea7.jpg,"R
ك
N
7
)
؟",0.783,6
03e32a19f90c08b9.jpg,"IN
٤
7
1939
T HE
ILIA D
BoYs
AND
GIRLS
T010
FROM
HOMER
SIMPLE
ALFRED
CHURCH,
THE
MACMILLAN
COMPANY",0.865,18
1b723daee5c03f9c.jpg,"Slow Cooker
Chocolate
Pudding
Cake",0.896,4
d6f99da1b2ff87fc.jpg,"٨e
BURGERKING",0.66,2
52b372dd269b26a9.jpg,"P
Dا
AppS",0.611,3
0f5d4629fe04a4fa.jpg,"888
SPORT HOME
٥٥
DER",0.728,4
005635e119b9f32f.jpg,"٤
46G",0.774,2
1cdbed774203face.jpg,"٤
8OT",0.711,2
8e527bbeafa2d865.jpg,,0.0,0
0da96c8ee1c04252.jpg,"٥8:٥8
31",0.944,2
049a18ff9fabd09a.jpg,"ELECCION
BAJO SOSPECHA
GOBIERNO
SIN LEGITIMIDAD
DEMOCRACIA
EN PELIGRO
Oscar Ratto
|005
Campos",0.835,9
06c90482f8989324.jpg,"PAEAR HNIUPERAWAI
production
6
٥kt٠ 20٦٦
DI SELURUH BIOSKOP INDONESIA
PERSSIK
SYAHPUTRA
٧٤TT٤
FRIZZY
EAMP0",0.812,10
c3066d2ddf24635e.jpg,"PPROVED
B٢ THE
MAR
|0",0.935,4
d20904326e58aa39.jpg,-000,0.983,1
b64b7d3565020448.jpg,"GLASS
0427 322 768
61$
SOLDARITY WILTHE
SOLIDARIIY WITH THE
SOLIDARITY WITH THE
RVOLT IN GREEC
RVOLT IN GRECE
600
٤١٩
IHHUI
٥٥
OUr entire
FUCK AUSTRITY
FUCK AUSTRIIY
SASH CAPIALISM
LVRHRE
؟
000
٢٢٤١٩",0.68,20
171f43c875d913b6.jpg,"00
CARE
INCED
MCOMFORT
provided
EAR
ما",0.796,7
98fc925625307c98.jpg,,0.0,0
e7be99f2dd303516.jpg,"29@
VG",0.894,2
6424d2c24b2175c5.jpg,"HOM٤
HAZLETON
FEDERAL
للم
6!. 4-6688
Close Covor Before Striking
OWN
OWN",0.81,8
d4386836bf2b7311.jpg,,0.0,0
02633051ccace644.jpg,"٨
ENOLA
GAY
WITHIN
|00FT",0.846,5
006da1281d1bf763.jpg,,0.0,0
e81d4fc6bdb57335.jpg,,0.0,0
9364874c2166d307.jpg,,0.0,0
15e2fc1f6e092b2a.jpg,"٦
CENTRAL",0.576,2
cbbfa3219ea739e4.jpg,"GIMBLETT
GRAVELS
MERLOTIMALBEC
CABERNET
SAUVIGNON
?009
REW
WINE
ZEALAND",0.795,9
00ae4925aa2e84d3.jpg,"?
4^",0.756,2
8af79419fac7f04d.jpg,٧٥٧,0.793,1
64bcd7728c995a34.jpg,,0.0,0
73ed763aaaad7cd6.jpg,6-J0AL,0.683,1
f7145b73a81052d9.jpg,,0.0,0
9fa009162a1ae7bb.jpg,"0
؟
7
+
5
؟
؟",0.818,7
7db23fa1c70ea422.jpg,"TAX/
9134
Museu",0.878,3
16cf452eee65ddd0.jpg,"٢٨
٤",0.648,2
5e3ee4e5bc4cb9d1.jpg,"'Top Dog
&
Po
Ashley
of Nurtit
4n4
7b
Bronson
Merryma
Authors
Bestsclling",0.788,11
851272d5ea72a1bf.jpg,"5
MALACA
FRANCAI
c6UR5~9؟
SETE {F
PAP",0.77,6
f8030210d0801c9b.jpg,"you can call an internet banner
Olgate
The Challenge
The Solution
The Results
|٥٥35
blow",0.792,7
547706e344e5e2e9.jpg,ANIRAK,0.825,1
e1a7f188af579235.jpg,"TOTO
!04500
Pointa
330
INAX",0.727,5
00a42fc158bbdc03.jpg,"theb
Imon
20627
Stogecooch
٥nHove",0.715,5
904d954d09dc4f4b.jpg,ALONG,0.896,1
96542930650a8585.jpg,"Paul
di
G1ز
Roberts
PETROLI0
Einaudi",0.833,6
01b72a92cdd941fc.jpg,"SUMER
SUMMER EXHIBITION
REJECTS
22- 26JUN٤
Menier Chocolate Factory
51 Southwark Street London SET 1RU
for more info visit: www lostartgeneration com
0r call: 07956 671 477
EXHIBITION",0.743,9
0a560c1b654b9f5d.jpg,؟٨,0.573,1
0b423b8f31559423.jpg,PO,0.986,1
c15a80746217567a.jpg,STP!,0.976,1
36bb54a5565e1176.jpg,,0.0,0
421802e9386c3dbc.jpg,"U85
G١!
9
55
RBI
38
|B",0.737,7
8ffc81e3cf694197.jpg,"0`
MONTE
TONI
SOAVE",0.809,4
61b3c09232bbb8f2.jpg,,0.0,0
187a0ffb7d461f8c.jpg,GUINNESS,0.92,1
16ed10ba861591a2.jpg,,0.0,0
ec6cdabff0f5b4c1.jpg,,0.0,0
b77975271dd6c9ec.jpg,"Um novo star""
em nossa linha",0.834,2
5ca7747bd4c91ab6.jpg,,0.0,0
a8102e0c24ac4a7e.jpg,,0.0,0
469d85f7b2c664d6.jpg,,0.0,0
0ee252a8309c657b.jpg,.ة 1,0.56,1
9112541dfbacb74e.jpg,PETICIONARIO,0.784,1
e9e395e03a85f9b6.jpg,,0.0,0
6b48d5caa6cfdb10.jpg,,0.0,0
00e89628f7bf6d68.jpg,"Hasder
Uhe
Clocks",0.694,3
c07a2a8b3f26ca23.jpg,,0.0,0
7cff2bc28706eba6.jpg,"20
28 11  2014",0.833,2
0fd8f722189d911f.jpg,"30
10
>
330
:
؟
WATER
0L2",0.813,8
fe55c56c6ec3d240.jpg,"STRآ٤٤
VIA TIBURTINA
230
2 piani di Abbigliamento
Uomo Uonna
Street Hip Hop
Le migliori marche acontate
tutto 1
Orario Continuato
06 83083201",0.743,10
77e5285ad84f72a6.jpg,"٧٧ ٥
2833",0.847,2
09adc40a5295affc.jpg,"3
6 5
0",0.832,3
38591a1a5845ad69.jpg,,0.0,0
658c455d148bc0e5.jpg,"؟
؟
؟
٨
؟",0.772,5
fc2e797ce40fdb15.jpg,9!,0.878,1
708ba2e146e19132.jpg,"Corona
ona
Extra
٤٣٥٧",0.77,4
b89b19c68cf7f35b.jpg,"Popphof
Lagrein",0.821,2
0183931fc9840cd3.jpg,"WORDS ILL
World
Antiquarianism
COMPARAUVE PERSPECHES",0.682,4
72fb8ba59dcbbbd3.jpg,"W
W
830!6
30
0
EROLGW",0.779,6
405bf78877b4350a.jpg,"011
7N07
Jack",0.774,3
afe8be3c30878eb0.jpg,Atlantis,0.864,1
8815ee17ddfdd5f8.jpg,"poranea
a٣te
conten
hrasanea
IGLITEII",0.692,5
d929fd569dbae5fe.jpg,"FRESH
FIELDS",0.788,2
8b601e0c4a3c9e6d.jpg,"00|005
AVIVA
GREAT BRITI
HAWKINS",0.826,4
451d799638a7941e.jpg,EMPRE,0.616,1
7c05fa06eae726da.jpg,"BULMER
BULMERS
ORIGINAL
1887",0.879,4
61fc18beb90aff2b.jpg,"2009
DOMAINE",0.997,2
b8aaa36cd6a6ccfc.jpg,"Road
The people who
authorized
to drive here do so at their own risk
Closed
HIGH
are",0.809,7
c16a8ff263d277d8.jpg,"FALLBN
|PP[[",0.73,2
f186c1773ac155ff.jpg,"CFT
NOR
10
23. 2008",0.888,4
b5c2c50202792f10.jpg,"PABKIG
ROUTE
66",0.934,3
c808d272f2f666ff.jpg,"CORNED
BEEF
Exeter
PRDDUCT DF ARGENTINA
340 9",0.819,5
c3e29ff783ef4ba6.jpg,"MICROSOFT
٣
097",0.799,3
83a76f5c667ed4f9.jpg,"aquare
L٥ى
30
DIARIO POPI",0.691,4
7db62aabcebe8b58.jpg,"Oncology
ExonMobil",0.822,2
966913a15730e76c.jpg,"la ma de guido
4884-1918)
Valses romanticos
Valses pocticos
Escenas pocticas
Capricho espanol
Rapsodin aragonesa
Emili Blasco,
piano",0.772,9
ca23c0c89bf0c62c.jpg,"GHOST
RIVER",0.997,2
af50f9d5f434f33b.jpg,"6^$
0 N
٥FF",0.8,3
183980c372fde645.jpg,,0.0,0
02f996661886cfe0.jpg,"(10,000
By the late
10
thiat
ver the
County
and
force Inl
sprIng5
lunting
This
Brother
known
The
Delight was
hides
and animals for
Delight
plants
shelter
Sister s
Of the
American
John Simpson
began farming and living in villages
One property
enslaved African
the Civil War en
archaeologists
Evidence of t
Cosca Park
school, stands
PRESENI
COLONIZATION
AND
(ATE
PAST
Eur
OCCUPATON
16008,
Indians
established
and
Afric
brought
hunlers
economic =
AA
part
was
park
!000.
Brother
and
parcels
years
nbal
farIs",0.794,58
afb70206f38161a4.jpg,"950711
PORIO
٤
VINTAGE
1994
PRODUCED
PORTUGAL
1842",0.837,8
5e9ef9442e666b37.jpg,"ta version
Darefter
or
10
ان
{68
at en
att
ال
آ
att
Hur
m
sanning
grannar
annan
denni
hade
Park
om
sade
inte
Netherfield
dom
han
Mts
Kara
hon .
svarade
utbrast
hort
det?
من1
allt
ingenting
ingenting
hyrt
Men
har
svarade
vem
. hemlig
och
6ch
. avslja
henne
hyrts
att
England,
Netherficld
٠٠
nofra
٧agn
Kom
sista
gcnast
In",0.767,57
76a48db0db74c2a8.jpg,خ,0.861,1
104928ae82c7a41b.jpg,٨,0.835,1
d84573909e4009ae.jpg,"175
feam
feam",0.908,3
21dbe72e79306ae8.jpg,,0.0,0
05b3d3c134004055.jpg,"٤
٧٧٥
؟",0.677,3
dc96c931d44aa816.jpg,,0.0,0
27a47d41f4faf3df.jpg,"1&٦.5
Withings",0.756,2
925082069b792382.jpg,"YOU SHOULD TEST THAT!
A/8 TESTING
KUMAR
1U1 Desipn Methods
OREILLY
Call to Action
Sleven
Blank
٢
del
Waiting for Ir Cat to Bark?
MADEto STICK
always be testing
The Artof Game Design
LEAN AIAIHTIES
Eninlany",0.759,16
5fd605f99adbdc93.jpg,"Los Cahorros
Rio Monachil",0.685,2
9b558978c41dcd23.jpg,"HIN
٧L
6
BL
6
CAF
LN",0.772,7
66d9da97e789fa0f.jpg,3I[30,0.567,1
c3be73e14deefd3a.jpg,,0.0,0
20aad2aa8c563f09.jpg,"مام
SERIES
The",0.706,3
3539db86f000fb74.jpg,"5p0٢
Cate٢ing
autotef",0.637,3
2d66aa2832569b3a.jpg,"TEA
GREEN",0.99,2
ed97b63015a5a60e.jpg,"PI
PIN
P١N
٥٣
LA٥Y
APPL[
APPL
JUIC٤
APPLE
APPLE
JUIC٤
JUIC٤
JUICE
JUICE
S٧٨٤٢
SUMMER
100%/",0.764,17
82ac76e9fd37588c.jpg,,0.0,0
099b5860305d3c66.jpg,D4Y41,0.518,1
26ba1fea5cc85891.jpg,,0.0,0
5cf9b3bb5d142171.jpg,"Heineken
AT
THE SPOT
NEW VORK
Local Fo٥d
Performancs Space / Local Hangout
JUBILEE
GEKO JONES
JOHN LOVE
VENUS X
DIRTY FINGER
ORION
KING LOUIE
PLUS+
THE CREATOR OF MOOMBAHTON
VISUALS BY 4TH WALL & BABY CAKES
HOSTED BY ZUZUKA PODEROSA
#TheSpot",0.742,18
20166115e96f973d.jpg,"٧
T H E
ODYSSEY
MODERN
SEOUE L
٥Y
NIKOS KAZANTZAKIS
TRANSLATION INTO ENGLISH
VERSE INTRODUCTION
ISYNOPSIS & NOTES BY
KIMON FRIAR
ILLUSTRATIONS BY GHIKA",0.817,12
0529ba49ffef71ca.jpg,,0.0,0
7ee2d9b48b1ac59e.jpg,"danah boyd
Complicated
؟
CYBERVILLE
Baym
TUNE IN LOG ON
my tiny life
julian dibbell
؟
COMMUNITY BUILDING
ON THE WEB",0.801,11
743eea30977ef34f.jpg,٥,0.735,1
17f2f05b6d777c81.jpg,"parcelforce.
٤٥١٥
FHB",0.734,3
038c8f14559fa56c.jpg,"IHERES
TON OF
jokprints
INTHIS
80)
ROKU
Bedu",0.734,7
f5ac582a308421c1.jpg,HIMBER,0.9,1
0c0ac55f447972cd.jpg,"RATHER
COUNTY
12
8",0.785,4
1cdc35ffa9a068c0.jpg,"؟٠
0
BUTTER
,12270
1882
KOSHER
ESTABLISHED
, NATURAL | UNSALTED
OUARIERS
7
BUTTER
[",0.7,12
7f6c82686c95b197.jpg,IE MAGIC BEHIND,0.59,1
d9be5d9e7453832f.jpg,"Um
liوuidificodor
dileronle
morco",0.652,4
15a81651044795fc.jpg,"7
<
4
T0
0
10
ETRAP4
NDS
COVINA)
BREDA
IPEO
HOHEPUCY
MUNCHEN
CERMANY",0.771,14
7972dcf27f52a08d.jpg,"GARDNER
Thase coins
Gardener by
Hdmiral Gardener
English History
1809
1808
She was
fully laden Easi Indlaman",0.824,9
2d336692717a6a06.jpg,"{٠00
auto centre
AMIO ELECTRICS
01733
56 56 40
ا",0.727,6
f2fdf52ce7ed0823.jpg,"5
٦٥",0.55,2
2291ee87165169ac.jpg,"٥٧٤
West 33"" St",0.695,2
0959604a69fbd9e6.jpg,litronix 2230,0.833,1
f42fd363aa06dd3b.jpg,"wurde.
ist heute unte
Vert
steist unentwest
erfrischenden
den
von Sonne, Glamour und
Heritase
wieder
100R",0.756,10
ba80426d9cad7fd9.jpg,"96`100. 104
٤M
88
92
100
70
80",0.792,7
c7761fb8ebae3837.jpg,"8.
FR٥M
David
INIiaIS",0.866,4
beb9bac13fa57b3e.jpg,Reaktionenin Netz,0.563,1
ba85058439548007.jpg,Red Carpet,0.651,1
dc70e65f2178b955.jpg,,0.0,0
2ec593dd804e45cf.jpg,CASTELBEL,0.989,1
75313ad130810a50.jpg,"GR
GR٥
(0N
0
GRC
EROUP
EROUP
للغا
MM",0.679,9
a554ed45bfe45be6.jpg,8,0.909,1
ee6d00bb18dbecde.jpg,٥٤٤,0.854,1
187e57a434711d41.jpg,"""Hiichhiker fons rejoicel
If you were hoping for more
ofithe some zony nonsensicol moyhem
youre in luck
The
lork
The fifthinthe increosingly
inoccurolelynamed Hiichhikers
New
Times
Trilog٧",0.775,11
29d4dd629bebf30d.jpg,"PCORNEIL
P CORNLI",0.823,2
b82f25ff38d59446.jpg,SNABcidotic,0.783,1
0c2bdbf75a8cb584.jpg,"G. lakovidis, 1902",0.547,1
12e144b15c6e881d.jpg,٤,0.514,1
d4a26d11951eb0e0.jpg,"MacBook Alr
Practitioner
+٥٧",0.706,3
65a932352ff991e5.jpg,/,0.699,1
74df2b91b22a3198.jpg,00228,0.947,1
66a5337cb7bfe0f7.jpg,"٥
WBLLS
BNAN
BEER
BREAD",0.634,5
0245497d0c801eb1.jpg,"5:30
9:00
SF0 - JFK
""Ok Google""
Departs 8:05
72`",0.75,6
c56b6eeef46eff4c.jpg,212,0.604,1
ef241c6c2a16df4d.jpg,,0.0,0
3131ddc6a3d5c0b9.jpg,"BUN STUFFERS
PORTOBELLO MUSHRDOM
CHDOK BURGER
ERKO CHEESE BUPGER
SHARE
8|G
NACHDS
|5
VEGETAPIAN PDT PIE
SPAGHETII
SHDESTRINE FRIES
|8
250
4٥٥
|8
250
22",0.732,17
167e699198a271ce.jpg,"INENSE
70%000
1848
%
70
6
^٥",0.888,7
ab2168006c3f8a0e.jpg,,0.0,0
7af2dc039a9151d8.jpg,,0.0,0
e2e34b9343972bf5.jpg,,0.0,0
0038c797a3708652.jpg,"000
OvGuide
twiistup
Online Video Guida
LEWIS
citrusbute
OvGuide
viistup
citrusbyte
Annenberg
Program
Onllin
Communities
٧٥
OvGuite",0.779,15
a5bfd91e7fb6fcb1.jpg,SOLICIORS,0.861,1
9d6f0e1d240b3f18.jpg,PHILIPS,0.996,1
2cedac45d54ed95d.jpg,"Xchonging
ALL KOTTLS",0.794,2
498fcac77163786a.jpg,,0.0,0
16dc9c57eeb1b8f8.jpg,"0٤
CHICAG0
٧٤LL٦٥ ٥٤
WRIGLEY",0.72,4
d4870f4ef4f74365.jpg,,0.0,0
d8e5ec7d002fdef8.jpg,,0.0,0
89d6f1ae0021a04e.jpg,,0.0,0
0f579336d38fc032.jpg,,0.0,0
5f2b56adf8d31c9e.jpg,,0.0,0
642574509ac51e90.jpg,BNY,0.999,1
036c51c7d9da780f.jpg,,0.0,0
c2c5cf4f8d3bab17.jpg,"WAR SAVINGS STAMPS
AND HELP SAVE THE COUNTRY
FROH
AUTOCPACY
,RAW
:",0.659,6
44ce91ac547e5bd7.jpg,"9:58
PlayStationoStore
This service is not available in your countrylregion.",0.637,3
e59bafc8865b7fd4.jpg,"١
؟",0.778,2
90e82d84bf334769.jpg,,0.0,0
2da650438ab6ec75.jpg,`|373,0.912,1
297037d3f8ea16ef.jpg,,0.0,0
a831f50c5f55b4fd.jpg,"PROUDLY
PRES ENTs
٥١٢٢
0N ٤
٥ ٥ R ١ L
""FOUNET",0.612,6
0d6d63cff9e78557.jpg,"Cance/
Credi+
Cards!!
Your",0.732,4
0fab6473778a2205.jpg,"ea
٤
؟
[
٦٥
؟
٤
؟",0.718,8
5cc848ddbb3d285e.jpg,"&
8",0.592,2
2ec7acec295488af.jpg,"كولا
٤٥",0.727,2
8e26d886087e9f9f.jpg,22 04  2015,0.589,1
f41129afb0a40888.jpg,"THE WALL
ANTIFRAfIL[
Taleb
THINGS
THAT
GAIN
Neu
York
Times
UISORDER
BESTSELLER
AUTHOR
The
Black
Suan
richly
insighta,
intriguing
fine
phrases
and
1?4d
havs
| Riiley
And",0.778,25
969fda3d7860afb6.jpg,"oli
CUKIER
PUDER
FSzENNA
MAKA",0.872,5
66e3646d65bf2b9a.jpg,,0.0,0
727c0d95cdd1b652.jpg,"RED ٨EAT
H
Neil
Gaiman
Stardust
FOLLIES
SCIENCE",0.885,7
025532b54c27c825.jpg,1OSNOD,0.649,1
b18ff16c0b064d7e.jpg,"Aveeno
Isopropyl
Rubbing
hope",0.971,4
11f1b0a78b901b57.jpg,197,0.958,1
dc41bb641a86ad08.jpg,٥,0.993,1
af898ab71febb6ee.jpg,"٥
1
ax
0^
@
1%
IDPHULES
bil
x
ر
هج",0.756,11
3e26539fc96a80fd.jpg,"Wheat
SHIGA KOGEN
#=#*7
Wine
(03-33-2155",0.785,5
e9e73fe10f978bcb.jpg,"3
٤ ٥",0.688,2
f4efd092054a1fc5.jpg,"1:00
5
ENTRV
1:30
3:00
START
4:00
TACOS
5:00",0.901,9
00685d2d846c9052.jpg,,0.0,0
5c2a1f77bdeb3c82.jpg,"U$
MONEY
IN YOUR
POCKETI
PEOPLE
LOVE US
ASK LISA
NOW
WILL
٧0U
GET
HOW",0.784,12
e1ec5278e8637fde.jpg,"SEPPELTSFIEL|
N9 8
MUS CAT
؟",0.784,4
fc9dfaa620a44999.jpg,"EUERYONE
٦٥",0.77,2
ecf5a361d8aa85cc.jpg,Collaboration,0.707,1
00ef7a8de38d6ac8.jpg,,0.0,0
865e5ad3d526c866.jpg,"ALL  WAY
STOP",0.62,2
d8d2186eda701b4d.jpg,"YANKEE STADM
D ELTA",0.547,2
12f39995dc1bc805.jpg,"٤
=",0.77,2
2b92ce942467f122.jpg,"NGHA
SINGH
٤٦ 42
21",0.773,4
14d68006b52caafb.jpg,"0 LADRAO
VOLTOU
GRANDES
MIS TERIDS٠GRANDES AVENTURAS",0.739,4
c39ef4933ae2854b.jpg,"day
4٥
open",0.76,3
30ab4a546272ccb3.jpg,"Pc
AND YOUR VOTE
DOES COUNT  VOTING IS THE ULTIMATE EXPRESSION OF YOUR FREEDOM
REGISTER TODAY",0.801,4
95d1e0fcb146c844.jpg,,0.0,0
aa42358d10517882.jpg,"81
59",0.922,2
e10cef90d91da885.jpg,.ن,0.662,1
08ee5b07b308da8c.jpg,"11
12
1
10
2
9
3
8
4
6
5",0.994,11
f91e023f0869c527.jpg,3173_,0.508,1
331dc791ea6f5582.jpg,"Diversitg iم conteمt
Samsung Hubs
Raaders Hub
Music Hub",0.724,4
19a85c4d3c76d63c.jpg,"PA TTI
DEDIZION E
ALLA SERENISSIMA REPUBBLICA DI VENEZIA
A
F A ٥ ٧ R E
VALLE SERIANA
INFERIORE
TERRIToRIo
BERGAMo.
Stampator Camerale ,
17 82.",0.763,11
7f5edbc0e74739c8.jpg,"360
MAKING OF FALLOUT. 3
١٧٤٥٨",0.764,3
3776960288a6a277.jpg,٥٤,0.802,1
04c7c370910a9a04.jpg,,0.0,0
00453fcb4e869350.jpg,LHBDA,0.522,1
03db92d831e995f0.jpg,URBNRBL,0.581,1
8526d48941ae62d9.jpg,"To Win These Products Or Related Prizes
SWEEPSTAKES Inside The Center Studio For A Chance
FRIENDS DF
'؟1
FRIENDS DF
FRIENDS ٥F
FRIENDS DF
VIK MUNIZ FOR SPECTACULU
Colin Farrell
SPECTACULU
SPECTACULU
FOR SPECTACULU
Sam Rockwell
Woody Harrelson
Christopher Walken
Tom Waits
Abbie Cornish
Olga Kurylenko
LIMITED EDITION T- SHIRTS
LIMITED
T-SHIRTS
FRIENDS DF
FRIENDS DF
FRIENDS DF
FRIENDS DF
R SPFCTACULU
SPECTACULU
LIMITED
5 ٥٧٥ [
T-SHIRTS
LIMITED EDITION
THIRTS
October 12
006",0.741,34
32164c537fd0817a.jpg,,0.0,0
6a53d934e9e4e235.jpg,"٥٥
||2
24
23
13
|0
22
A؟٤١
14
تخ
25
8
19
30
٥
0",0.814,16
f8f7c79cac42a021.jpg,"OMichael Seeley
PhotosOfStuff net",0.902,2
4de882fc2c355dcb.jpg,"0
٥٢
Iock Ihereof
6'
6
م
%
7
{
؟
C٥UL٥ 5٤
|0
ADNA6E
JMUGLE
م
٥٢
Toval
؟
}",0.726,19
0b177df2a0b9964f.jpg,"6 5
POLICE SEEK SECOND SUSPECT IN ROAD RAGE KILLING
Randi Kaye",0.866,3
9dc09446c800a303.jpg,"lanasonic
[UP
$",0.798,3
fbae7e4680ccfef9.jpg,,0.0,0
f98670f6cba969ea.jpg,38,1.0,1
01f6c4d1dc9fe72b.jpg,,0.0,0
546e27f604a7a342.jpg,٤٢,0.801,1
7ef9a04bbb3e2095.jpg,KINSLER,0.999,1
04504c6e68b60236.jpg,,0.0,0
3469c22eca7b11c6.jpg,,0.0,0
1bde74034435d004.jpg,"goin
0
chonge
١٨
Ihe",0.793,5
04e01069792ad29a.jpg,"VIRGINIA
||4889467
15
703-273-0200
GAPITALS",0.842,5
0066511fff0f1419.jpg,ALBA/,0.778,1
26a8a9678ccfdfb5.jpg,,0.0,0
806091b63ebfc890.jpg,,0.0,0
6f10b7ebd232a641.jpg,,0.0,0
b0ed5889747fcc34.jpg,,0.0,0
fe3bfe0b60a3a261.jpg,8 10020,0.841,1
5d5ceb9d46b7ccee.jpg,,0.0,0
3f2cf3a41f5038ad.jpg,,0.0,0
02882201b7441ec8.jpg,,0.0,0
75fca255396e7257.jpg,"New user details
Username
Full name
Password
Confirm password
Language
lish(C locale)
Tab
Engl",0.723,9
37b20486199a4dc4.jpg,,0.0,0
53add07659444382.jpg,"PA٤ ٢NT٤ ٤
BRLTISH
٤٤٦ ٤ ٦٧٥
؟
ALVANO-MACNE",0.659,5
100f84ebfb59f852.jpg,"٤٤
3
HR
RBI
BALL
.249
82
13
49
28
$8
08P
STRIIE
5
55
38
0٧T
TOYOTA
Communications
Technalagy Hartnur
an٥ Storage
Innovation
.326",0.826,23
5b956d2f54f0644a.jpg,,0.0,0
b74cc23cdb357b13.jpg,,0.0,0
33fecafce9ad7f50.jpg,,0.0,0
4e7511e5a8a0450a.jpg,"Centre
Plymounh
Stem
crumbrubber
Business",0.896,5
06ebda8a001014b3.jpg,"0
ETHIOPIA",0.828,2
10933273d35d1849.jpg,"٤ R
^ ٥
EMPORIO=
N٥11
٥ ٧ ٧
٨ R
EMPORIO= ARMAN
EMPOR
N L
C0TToN",0.709,10
238ca91a1760e8d4.jpg,"C
Antologia
٤",0.816,3
fb33c0f29131b883.jpg,72578,0.619,1
e9ad2ba05cd9d068.jpg,CRANITE CITY,0.626,1
0218a2cb4401c6df.jpg,"HARFY HRRISON
THE STAINLESS
STEEL RAT
CETS DRAFTED",0.71,4
ef03581f367b9548.jpg,"card to stant
Insert coin or
SF
credit",0.77,4
611b6c3268366ad0.jpg,٤,0.954,1
f795ea328d5aad95.jpg,"ELABINCO
[46
250",0.841,3
6ba328da85b2f583.jpg,"؟٢٧»»
Gingef
Vinega",0.689,3
3c575313a05cede3.jpg,"DRINK I
0300
NEwENGLAN",0.64,3
5a4f9fe69c9d3aef.jpg,"340
Caesars",0.982,2
e22ce6177377166c.jpg,"08
70(",1.0,2
68552b75d1560449.jpg,,0.0,0
c58de867572819f9.jpg,"SNS
3
٨'
ا",0.781,4
705c30b95aaa6aa1.jpg,"47%
TSA
About
WELCOME BACK
SEA
Change Airpon
Seattle, WA
Seattle Tacoma International
Delays : NONE
Delays
Latest Security Checkpoint Wait Times
South Checkpoint
min
Today
Home
Can
Bring ?
Wait
M٧
Tlmes",0.823,20
02b484f43777cd5b.jpg,"BREWING
|00N
MOON
MOON",0.777,4
aac808477aa00eb9.jpg,1969,0.972,1
2272b2e2b5df909f.jpg,Joshi,0.941,1
8263a74635bddc23.jpg,"Victoria
5 ٨ ٢ ٧ H
٨ ٢ ٤ t؟٧٤",0.655,3
b75108d03733e8df.jpg,"cessna O-1 Bird
Copyright 2013
Binh Duc airstrip
Lance V  Nix
South Vietnam
1969
009
|5003",0.772,8
0a27abbb407ddc47.jpg,,0.0,0
2660673af5aee6a0.jpg,"1830
SINGLE MALT SCOTCH
THE ISLE OF
full bodied spirit
KEI
WHISKT
THE
ONLY
SKYE
FROM
Morer
Cuillin
Hills ,",0.793,13
0534930d836682cb.jpg,,0.0,0
206f6db5f72ebc08.jpg,,0.0,0
5918046a48fcd9c6.jpg,"٤
?
9
٤",0.867,4
f1573f794a6546d0.jpg,"٥٤
٥L٤٧",0.757,2
a17452b44871c8f1.jpg,"٤550
ERESES
٤",0.808,3
9af2194644dd123e.jpg,,0.0,0
87cc4bb89802d049.jpg,٨,0.886,1
ee7652cc87db8ec1.jpg,"٤
٤
ERUSSWUHU
SUPER",0.852,4
06bea9caa4e2a7e7.jpg,,0.0,0
151d342f1e67ed40.jpg,,0.0,0
8db859f803cda409.jpg,,0.0,0
a5365f6f27da6871.jpg,"2
50",0.883,2
a3d7193f81e2af2e.jpg,"Schoko
USITZER
OBERLA
feinef
Zartbilter",0.794,5
5d7a93b1f2c32dd4.jpg,"BREWING Co
|5.2%#|",0.842,2
d5c18ad80e53a3a2.jpg,,0.0,0
093257282acf0d13.jpg,,0.0,0
d329be5758f8ca02.jpg,"EL CENTRO
CHICANO
and
Chicanola
Community
Center",0.891,6
9e1a74655b8bc9d0.jpg,6,0.995,1
d38f1d4b131ecdd0.jpg,"0
PICCOLIN0'S
U R M E T
؟
catering
Guisine
Italian
Specialists
0840",0.796,9
540dc44fffa3c95f.jpg,"Thomas BECKEI
traditionnelles
naturellement sur 5a lie de Ievures
Kec",0.634,4
1d86a65bb84cb1ab.jpg,"1652
1935
98
Coowricht Mantas
Copyright Mantas J",0.744,5
a31bd9e03ed051ed.jpg,,0.0,0
edff45c02561d54d.jpg,"MEMORIAL STADIUM
Akron Childrens Hospital
HUDSON
GUEST
3
CLOCK
0:00
PatriOtis
KGK
JUMP
START
Cuyahoga Falls
NEDPATORG
HUDSON",0.795,14
306d4567f40061b3.jpg,"٥٥١
٥٥",0.855,2
453a83da36930d03.jpg,8 22844,0.606,1
ba66c4ff9cb972d8.jpg,,0.0,0
9a72dc642a655070.jpg,"distinction between instrumental and therapeutic medicine
a pre-
for the doping concept
had not yet appeared  This age of
innocence would eventually last for another generation
or two until
doping was recognized as
threat to the integrity of sport
Although stimulants
were of only marginal interest to the pio-
neering physiologists, signs of a
more substantial engagement with
the
issue became evident in the early part of the century
One
Treatise on Modern Stimulants  (1838), an
eclectic , sometimes humorous, but ultimately serious meditation on
the impact of five
[excitonts] on the
modern society
0f
that day
The novelist argues that alcohol,
sugar , tea, coffee, and
tobacco, having entered French life over the
two centuries  had
changed society profoundly
and opium had produced hypertrophized organs and other
grave
disorders
that damage the human
machine ,
while the abuse of tea
could sap the female libido  Drug abuse had also had incalculable
social effects  The fate of a people, Balzac says, echoing eighteenth-
century ideas, depends on its biological way oflife [regame] in general
and
on its nutrition
in
Nutrients can create racial
tudes
grains   produce
artists
while
certain
stimulants
have   de-
stroyed civilizations
Russia is
an autocracy built on alcohol,
and the
of chocolate had subverted Spain s chance to restore the
37
Empire
stimulants had their bene-
But Balzac also knew that
and he believed that
requisite
drug
example
past
apti-
discovery
Roman
powerful",0.772,65
ae892228262a8dfb.jpg,SELF,0.789,1
d08a4501dc8c432b.jpg,,0.0,0
0973482ce8a0beb9.jpg,,0.0,0
16fd93fe6f5e34c6.jpg,"Exqusite Hand
Shpeley
0506
Cocolates
Angcha
Road
9103",0.808,7
929e9e81e8c30de9.jpg,5 ٥٤F,0.614,1
6993e9413ea3fa84.jpg,,0.0,0
f000b96493426cfd.jpg,"Chateau
BRANON
PESSAG-LEOGNAN
BORDHAUX",0.795,4
a8d967ae06bb3c20.jpg,"F10
٤٦٦
F12
PUL
Page
6
2
P9Dn
0
Del",0.791,10
c2d74c395fc07bd3.jpg,"٨
STURAEE
LOCAL AND LONG DISTANCE
CPATING SHIPPING HOISTING PIANO
FRANKLIN
AUTO BODY SHOP, INC.
415-437-2888
24",0.817,8
01b3265b22d23b50.jpg,"16
mention
@mediaczar
٨٤#
saying
started",0.787,6
fec977c9a7f03d36.jpg,,0.0,0
02027b3b8f05ef78.jpg,"FROM 200 SQ.M. TO
Ground Floor Refoil
hwbc
AENTs
77 50 500",0.694,5
277658d13c7bd1b6.jpg,"12
2
9
3
8
4
FIRSTAID KIT",0.934,7
435240ec761366ea.jpg,"with
paruculir
But this doesn tadd any knuwledge
ا",0.724,4
3b2a342a1f9bac6f.jpg,226ق,0.674,1
36ae8c11a5eb13c1.jpg,"M BUREA
SURANCI
NS INSURANCE COMPANY
20
hBend",0.662,5
2ecbb9e4696d0d35.jpg,"925
933-7440
ffOYOTATONE
TOYOTA WALNUTCREEK",0.82,4
b25f2771b8d91588.jpg,"GENE
1925
uadromania
GENE AMMONS
٧OU CAN
DEPEND ON ME
٥
Jim Dagi
٥
mabran
222402",0.834,11
c88cd3e3c8f08e2a.jpg,"four boya who shook the
BEAIIIS
7 Ie
Beatles
Beatles",0.662,5
b3961e2f4f4c3590.jpg,":؛1
49
399
New
Age
Drinks
-199",0.865,7
60e47f347edfaa70.jpg,,0.0,0
fcbbd76d84853b6d.jpg,,0.0,0
45a3e9dc6141ae1a.jpg,,0.0,0
bb44d472b0cc552d.jpg,CPAC,1.0,1
ca9130444c8db324.jpg,,0.0,0
99827d3d5090b495.jpg,"SHORT
٥UR",0.584,2
ff37a90f49b3e643.jpg,"Let
Casheus
Wan+
wixd
$3.00/2
3.60
3.60 x
2.70
2.7٧ ٥
Mixed Nuls
60
3.00
3.00 (60)
0
0
sheus
٧= *",0.847,17
98dcb378a3982874.jpg,"16
48
79",0.876,3
01335761c3a1a042.jpg,,0.0,0
b93d68f97e68206f.jpg,"2014
DEUTSCHER
SPIELEPREIS
2014
٥HL٤Y
Platz
2014",0.838,7
e85a52547fb81234.jpg,"D
JURE
T
G E N T I U M
LI B R I
Editio Ultima",0.798,6
558640ae029affa5.jpg,"9
MARDI
ENTRANCE",0.619,3
00927c18ac896fc1.jpg,"""If you can t dazzle them with your
BRILLIHNCE",0.621,2
54667cb8183bd7a6.jpg,"CENT
EURO",0.865,2
03e38d16213c4067.jpg,,0.0,0
2258490cf90b41c7.jpg,,0.0,0
f073629c88b4155f.jpg,8,0.999,1
81e2c594221a1d67.jpg,"U
7",0.796,2
00d419271e7f6568.jpg,"HANOI
while improving
HANOI
0 F
A C1TY
$.
L 0 G A N",0.695,7
83467716cb6d47ef.jpg,"made it i٨
Singapore
KBS
Wind
Lets build
BBIC Worldv
MIPTV BOOTH 1023
Babelgun",0.835,8
8d756c13150c66a7.jpg,"FOR THE
8JELT5
EOR-THE
CLARKE",0.753,4
6cf4ef724cd0ce0d.jpg,"PARKS CANADA:
A TALE OF STEWARDSHIP
PARCS CANADA
UNE HISTOIRE DINTENDANCE
P
Canada",0.696,6
1252873867aa8a86.jpg,82,0.999,1
2d02c441eb5347e7.jpg,"0
٥F
TKAFFIC
DEPT
WEST",0.83,5
54fe89d0a2912010.jpg,"21
20
=
18
]7",0.769,5
02fae2fbfa99a8f8.jpg,,0.0,0
c1c6fd1ffc210d87.jpg,"؟
؟",0.864,2
48271db95ff3670c.jpg,"FUCK
MY
2016
Caoa
X6839812
8762131
FUEL
ECONOMY",0.82,8
9270daec68337568.jpg,,0.0,0
ffa87e6f99a524bd.jpg,"19
",0.539,2
177482ed108062de.jpg,BRUI,0.57,1
0ba5c4dd506ca3b2.jpg,"؟
PLASTIC
ALUMIUM
BOTTLES
CANS
NEWSPAPER",0.841,6
87caf545665a372b.jpg,"28
_ 1
8?
16",0.631,4
19a4efa6324dcabc.jpg,"THE FIRST BOTTLE THAT
TELLS YOU WHEN ITS cOLD
7",0.586,3
33d0c562e1dde567.jpg,SUNSET,0.999,1
a58622844e5aeae1.jpg,"ELM STREET
AT
N1GHT
MANCHESTER",0.936,4
0378362751977c0b.jpg,Sanfling,0.582,1
b07f044fa04950ba.jpg,"ORDERS ACCEPTED THE DAY FOLLOWING THE RACE
Brief
of the
Indianapolis Motor Speedway
choicor
M SHARP ICentral Srandard Time |
History",0.78,7
6f07f1589c8444ec.jpg,"7
0",0.794,2
1bac4dfb598e62f9.jpg,"2
10
2
15
5",0.936,5
88832f56261a6311.jpg,ICADEMY,0.88,1
0322f8a71414a329.jpg,TRAPPIST,0.749,1
87526f20c3966718.jpg,,0.0,0
e664a558201edede.jpg,؟,0.749,1
689c28e8b50a9935.jpg,,0.0,0
3109e0ab52305483.jpg,,0.0,0
3f88641f8d63fdfe.jpg,"Sate
Cspxesso
BOSCH",0.657,3
b19f3edfebac5793.jpg,,0.0,0
8d85a8897a09937d.jpg,٦ P٦,0.769,1
0bda02a4d21065b4.jpg,"1856
MIDDLETON
OF
CITY",0.74,4
a1bfe97c18a4e9a5.jpg,,0.0,0
0d23ef29631d2072.jpg,"5
7
6
9
Pqrs
mno
wxyz",0.73,7
48312460bff0993c.jpg,"YEBSU
YEBISU
YEB
VEBISU
YEBISU
AS
ق
LONAL
3ISU",0.71,9
647df7c33436f0e5.jpg,,0.0,0
572509d2e6b510fc.jpg,"For
٦l2 miles",0.82,2
c9b4f3b3af0f4f03.jpg,"13:58
Tue, 15 Oct
0",0.764,3
54acf60be73ecba9.jpg,"Sowih Afia
Bringing
The
Mobile
community
Togethe",0.711,6
078c7eaf1967610d.jpg,TELEPHONE,0.982,1
d99f50a991589a10.jpg,FEB,0.985,1
00a9eb4c3cd8622c.jpg,"FONCROIT
2
NYA
RAIIF",0.652,4
1e969d8c0eea1605.jpg,"6
R
٤
W
8
5
1
260
ROYAL",0.784,9
4425834c774c3fbd.jpg,"3
4
5
7",0.738,4
4ca603f0ccaf0dfc.jpg,,0.0,0
ba01de815f2453c5.jpg,"VIRREINATO DE BUENOS AIRES
AMONE DACION EN POTOSi-1776-1812",0.605,2
b3953e76d6d6a477.jpg,/,0.664,1
a8d8c37ad3707d37.jpg,ABAMA,0.961,1
64dcc5967189fa45.jpg,ST0P,0.664,1
c4143a44ea02c785.jpg,"PARK
PNC",0.879,2
f7079935eba15e7b.jpg,,0.0,0
b77a6fbbce16c16e.jpg,"by the
المعني
معاقي
المؤتمر
بالأشخاص
تنظمه
28,
17 إلى 28
Diplomatic
Visually
ference
Impaired
Persons
804
Property
الدبلوماسي
البصر
الفكرية
للملكية
العالمية
المملكة
المنظظمة
J٧N٤
2013
MOROccO
2013
يونيو
المملكة المغربية
مراكش .",0.768,29
3e524b34a59c342d.jpg,"ا
010972542384152
٤٨
٧
١
E",0.772,6
15b0a0ab64aa00e6.jpg,"Renaud Camus
Renaud Camus
Vista
Buena Vista
Buena
Park
Park
٧٧C٧٢
5 dec. 2014, 16:26:53",0.823,9
1f6124299541f1c9.jpg,"GRANVILLE
11 5",0.57,2
a3ad62ce1143c952.jpg,"٤Sc
Shif",0.663,2
d91696287acda283.jpg,,0.0,0
e71b361d184848c4.jpg,,0.0,0
fec67bcf36a2e412.jpg,7,0.846,1
e5d8b8e399534087.jpg,"Apple TV 2
iPhone 4
30%
iPad 2
Done",0.835,5
1cf91fe17df97c17.jpg,"7
A^D",0.804,2
940cb2de42a4de38.jpg,600$[,0.518,1
05d7a19d8d6ad54a.jpg,"٠٤٧
8
؟
٤
٥",0.775,5
7bc0110432097846.jpg,"0
Expedid.c0
32",0.838,3
3f9308297b0e001b.jpg,"set the context
create hospitable space
share collective discoveries
explore questions that matter
An
Integrated Set of
م
Design Principles for
Conversations
that Matter
listen together
encourage everyones
for insights
contributions
connect diverse
perspectives
Hosting",0.813,17
814b70afdfacc9a0.jpg,"٥L٥٥٤
BY
٤
29
SHAKESPEARE
٤
WILLIAM
٥L٥٥٤
2٥|5
AUEUST =
EENIRE
ARTS",0.815,12
226825b7c2f7fefe.jpg,"Shanklin Theatre
THE
BEST
0٤
WEST END
TH٤ ROCK
VEARS",0.802,7
2fb99af2e910da2f.jpg,"| RIAD
L|11LE
6APPIER
AE
H٥
WHEN
DHAA
SUREMENT
E؟٧
GE
HUUH",0.771,11
963efab1d2158942.jpg,ACCORDING,0.753,1
bdbfae49210475d4.jpg,"20
30
40
5
2002 7282",0.948,5
cea8d20c01159255.jpg,,0.0,0
38e15863af1f80ee.jpg,"٥٠،٨
،٨ 5٨٥ ٤7
٦»",0.647,3
cd85ee925a74fed2.jpg,"Share
Emotibrace
Tamara Chahine, Philip Staud, Rui Wang (BFF)
Get lost in Melbourne
Don't find it, feel it
Temperature & Color
Heanbeat",0.734,7
89f26f8dc06b3b37.jpg,"2005
WINERY
FARM
COCO",0.975,4
c533be470356f96e.jpg,"٥
R(0/`375",0.683,2
16cac389c9195554.jpg,"KATAF
KATA Ri
90
GREEN TEA
25
OLIVE SOAP",0.871,6
b8fecba93e10119d.jpg,"٥
0
٢",0.789,3
67a86ecac6c98891.jpg,"Queues
Likely",0.776,2
12f2971624fd374b.jpg,"FUSED)
FUSED)",0.863,2
fb5d0f8bbdcb8ec3.jpg,"ellana
MINERAL CosMETICS",0.646,2
751fe9822cc47920.jpg,"Introductory
Shampoo
٤
unt
159
price",0.89,6
053227f4aed1f791.jpg,"#&4
80",0.74,2
7a8dc6c7b16d8947.jpg,"Search by titles, tags and notes
626 KB
General
1 file
12.4 MB
Lecture
3 files
&
AirDrop
Tap to turn on Wi-Fi and Bluetooth to share
with people via AirDrop
٥
Open in
Open in
Open in
Open in
Bump
Google Drive
Cinemagram
Capture
Cancel",0.861,21
1fe794789d502ff5.jpg,"9
؟",0.728,2
452ca97a412607b0.jpg,/20,0.517,1
7408a436bb89dd9b.jpg,,0.0,0
0ff9a60271b083c9.jpg,"Cne de
Cervieres",0.769,2
83ad308d8264bbbd.jpg,"Skynda
att
lskaة
Alex Schulman
FORUM",0.86,5
aa3aec65afa2a286.jpg,"T0
AND
BASE
AIRPORT
RAAF
THE
NEWCASTLE
NSW
WILLIAMTOWN,
THE
ENGINES
AIRCRAFT
DISPLAY
PHOTOGRAPHIC
MODELS ت
VISUAL
- WATCH FA-18
AUDIO
LAND
DECK
AND
WEAPONS
OFF",0.837,23
989954d2e52515c5.jpg,"Your thoughts become
Your words
become your actions.
actions become
habits.
Your habits
your character
character becomes
your destiny.
Buddha
Your
become
Your",0.774,13
00837e895ee4701f.jpg,"Pusta)aa
Mukmin
Sdn. Bhd
BUKU
٤",0.813,5
eb34a38e10f395b4.jpg,,0.0,0
4fedbfa7641ee6fb.jpg,,0.0,0
5777899d3aaf3a9e.jpg,"mit
in die
den
die
in die
doft
Berta
Fraulein
links F
hinunter ,
Ende,
StrafSen
Hasengasse
} scharf r
dann
und
Katenplat
Fraulein .
beginnt,
' schwebte
Hirschgraben
Hauptes
erhobenen",0.754,23
046755bc157991a6.jpg,"CAPE
MENTELLE
98 points
95 points
96
points
95
poias
94
points
/coc",0.816,11
260a736bb7a776a6.jpg,"London Mictoria Statig
()",0.563,2
c181747cfd7614fa.jpg,RNERS,1.0,1
582ac97abbc2613e.jpg,,0.0,0
a6296eaa7c21e9c2.jpg,2,0.559,1
c098f1cb58823ce3.jpg,",%",0.647,1
5629c28316ae9a5d.jpg,PREMIUM,0.799,1
43af43cc7e2a858a.jpg,R ٢ ٨٠٥ ٥ ٥,0.586,1
03ef38f8a118d5a2.jpg,"||00
٨١
Carola
boriom tid
٥٤
١٦١٥
؟",0.706,7
3cc5f213bfff8761.jpg,"WILLIAM
2010
WILLIAM FEVRE
FRAUF
FEVRI",0.842,5
87c5b9b8eb339c17.jpg,BEATLES,0.706,1
747b11a93ff71751.jpg,"Time & Billing
H٢s
7/11
`50
7/'10
45
/5
40
20
35 30 25",0.826,10
5f1bb46a327da21f.jpg,,0.0,0
a420fdf2769cb9e8.jpg,Sese,0.842,1
657bcc1c27cacad8.jpg,؟,0.602,1
dab6215fb32bc42e.jpg,,0.0,0
ce0302b9d652a71c.jpg,,0.0,0
c363489d7b087c70.jpg,"reading
i5
sexy",0.943,3
0a91fdadfd341024.jpg,"؟
٥A٥O٩
09
Tolarance
:",0.695,5
a48f82c2fb1a0b4c.jpg,"ALL NATURAL
&
R
NoTHING",0.889,4
33d288c7f6d2d473.jpg,"The Last
or the New France
by Alexandre Dumas
King",0.575,4
a140fc058d995bbd.jpg,"New Brightness Appears
Release On 2013. 05. 30
GLITTER
for iPhone5",0.696,4
5ceac85663d9b26e.jpg,55,0.999,1
cd5e06450148dae3.jpg,"٧٤
.fm?
The sociol music
The definitiva onling
Whats
Last",0.769,6
73ff81c2a25dac60.jpg,"٥٦؛
unfiltered wheat ale",0.595,2
144b549dab3888b8.jpg,"&
٤
PRACTICE
EDHTRDN
=
؟
""
٤",0.811,8
1b4dd98ed719a054.jpg,,0.0,0
afa621c40f4c6050.jpg,,0.0,0
29d35c2c8b61e2b1.jpg,"PHILLIPS
8
ale/ vol
5.0%
,2010
PHILLIPS",0.771,6
ea90860377a65ea5.jpg,"٣
٤
٤N٥
٤",0.769,4
e6ab3f563bde9b2a.jpg,"REACH
HAND ME THAT GOLD
SEPT
٥N' GIT
HOLD
YOR FIRE
HANKERINTO
SHOT",0.811,8
136e28779aa55759.jpg,,0.0,0
1d46818a0c8a0158.jpg,"Sparkling
٥",0.778,2
85709c643f60254c.jpg,"east COaSt
REGIONAL
ANAESTHESIA
28
29
AUDIT0I[
AUGUST
HOSPITAL SULTANAH NUR ZAHIRAH
For more information
2015)
Register Nowl
MAIN ORGANISIR
SUPPORTED BY
SNZ DEPARTMENTOF
HSNZ POST GRADUATE
ANAESTHESIOLOGY AND CRITICAL CARE
MEDICAL EDUCATION SOCIETY",0.714,17
de58074baef6aefd.jpg,"EDWIGE FENECH
HOWARD ROSS
HELENA RONEE
IEODORO CORRA
MAURO BOSCO
MAURICE POLI",0.712,6
a9bac52af833508e.jpg,"KONAMI
AMI KONAMI KONAM
KONAMI KONAMI KO
^P
AMI KONAMI KONAMI
KONAMI KONAMI KO
KC
KONAMI
ONAMI
[!=--7
٤",0.847,11
28c0d21964294471.jpg,"HTC 7 Mozart
20
885.00
XBOX",0.726,4
d2aff7f093fe8cda.jpg,"٥٧
Help Yourself
Beware The Shadow",0.725,3
18950ff3ca7e943f.jpg,؟٦٥,0.529,1
4e3bf80906981ba8.jpg,"carrousel
Kleding",0.907,2
83399a00577e6fe3.jpg,"edsy
Events
SU٨C
Vassula Ryden
Wednesday, March 27th, 7PM
٥
HNFREEZE",0.804,7
1113c1f534b8dcca.jpg,"VOLTERRA
ASSOCIAZIONELASERRAINSIEME
A51398
10* SAGRA DEL
CUGUOLOFO""
Dagiovedi 7 agoso
3391639542
VOLTERRA
""CIRCOLO ARCI
Da giovedi 7 agosto
Per prenotazioni:
3391639542
ncho",0.777,13
e885e64a30a08aed.jpg,"ELLLN DAILOW
KELLYLINK `
$7
٥
EIGITEENTI
COLLECTION",0.671,6
b0b6386ea1ebbfef.jpg,"٧٥٥
Iss bliss bfss",0.702,2
a4721119fec66ad6.jpg,"sodertorns
hogskola
SOdertقrIl
University
Library
Hlexibility for the future
- Fortsattning
biblioteken
Program
14:00-15:30[",0.804,10
64a5d0ff05eeb4db.jpg,"SIMPLE
٣١٧
h


|CE80AT
00",0.673,7
4625b91150946824.jpg,"come to
She scemed so full
Certainly
charactcr
at being
others
experience
Ncr
noble and
beautiful life
BERTA REMMERS
but in many citics
throughout
5uch
Iifc is its own reward
grcatest
loved
only for what she herself was
but for the much which she gave me
expression of her affection
felt rich indeed
The old associations to meare gone, but
have the pleasant picture of
MAMIE E. TAPSCOTT
ELLA C
strong, courageous, helpful life, which will be
held in
ful and affectionate memory
grate-
How far this little candle throws its beams
So shines
naughty world
Scattered over Our
good deed in a
light of true character
Sreat country are many little beams of light
and honest, faithful
For the lighting of
development of
these
dignity of labor, many
woman
character, and the value and
Shimers
looks back
to the school
Will shine for
light of her good deeds is
years to come
and, let us
Heart "" indeed
she did, and for the
she was
thankful for
monuments she
what she
was and what
reared for herself in the hearts and
mark the
Inat
many
on of one
and song and words of
who
tender
should
brightness
and
into
It is not
She
possible to
the good
LEONARD.
wrought by such
woman
for she
character, and of
Her life was strong,
umed
00
blessinB
hcr
such
0
HALLETT
long
living.
first
Semninary
days
shining,
many
hope,
Great
lasting
, fitting
dowers
passing
had
eulogy
brought
GEORGIA
cstimate
woman
many
benchiecnt
conscientious,
everybody
friend",0.781,110
1027fbabbbdf5ccb.jpg,"Dark Regions Press Presents
THE BOOK OF
LOST PLACES
The Selected Works of
JEFF VANDERMEER",0.738,5
73adf0faaf6732ff.jpg,"Surgeon
ARM
fight
rotid gland.
un lodged
1 ٧٠
tinger of righ
17
011
ipiplications
1111
pengioned
und with much
lifliculty
Mulical
Photographed at the Army Medical Museum
By ordier Of the Surgeon General",0.642,17
