﻿image_name,final_text,avg_confidence,line_count
d715871091c760a3.jpg,10,0.737,1
d512408fbd412ecd.jpg,14,0.697,1
894b53f5252c2be6.jpg,c,0.946,1
2e2c799ddb208156.jpg,,0.0,0
838c5672e7a5e4ed.jpg,,0.0,0
8bc43562bc0be95c.jpg,,0.0,0
c54678f341dcd51f.jpg,,0.0,0
1139456aa3f70a34.jpg,03,0.943,1
2c937d410a6bdc89.jpg,,0.0,0
e1940594396fbbc8.jpg,,0.0,0
fc95af5a7986f9ff.jpg,joseph,0.964,1
5358fc8440bafe4c.jpg,465,0.948,1
66b1a2a339bc35eb.jpg,,0.0,0
bb33fc45966abce0.jpg,!604,0.696,1
211e79ec67ac7955.jpg,2,0.923,1
5298ad00fa6c17a0.jpg,,0.0,0
0df9c2a6198243c0.jpg,195,0.984,1
1bb61a35286f9cb8.jpg,only,0.921,1
fbe9a1ccf7e5c507.jpg,,0.0,0
38b6cd95d83e3379.jpg,2008 tiianpion,0.572,2
49005719cef63fa8.jpg,٤٥ 12,0.627,2
025a9031c6d69880.jpg,,0.0,0
7751d3a7ced10598.jpg,close sharp 000 000,0.838,4
d031cf5986c526c7.jpg,the of art e٠h goodrich pardon story,0.814,5
72448a6018cdd8e3.jpg,went target,0.599,1
d040051137937c02.jpg,start,1.0,1
1024966f2d09a22b.jpg,3t call from here just 4cp for z0 minutes to up landlines nowyoure talking,0.824,4
1bfb5eee71438a44.jpg,i,0.703,1
2f11d908d4496669.jpg,5٤٠٠٧٠,0.503,1
033949382d674109.jpg,1591 15 ٨ anniversary 8:08,0.851,5
21ec48fddab2fba2.jpg,٥ ٤,0.712,2
9a3825ec91975503.jpg,construction of secret hiding places,0.886,4
37a4f4d9e33cccb0.jpg,15,0.954,1
d909ccf8f1ea1b99.jpg,,0.0,0
02da4492e27bfddf.jpg,,0.0,0
e12cac7f4cd927a5.jpg,1 34,0.764,2
1e43c217a0322ae4.jpg,music music light light,0.845,4
1585c2061d4eeec2.jpg,60 _,0.672,2
a3099c4ee5b8cb9b.jpg,,0.0,0
d4ec147d76f6ed60.jpg,,0.0,0
7f1b39e3d4bfcc98.jpg,big,0.913,1
c171bc41bd28bbde.jpg,٥٤ 4-1178 am 9 julia mandala,0.878,6
75853316536d7269.jpg,0len stick,0.854,3
3da3a101ea225e4b.jpg,wakefield 8! andrews 2009 avignon,0.783,4
5608d9af219e4b00.jpg,1,0.878,1
ab957d756c483878.jpg,,0.0,0
c3ca1cb7bda2f3dd.jpg,,0.0,0
01ad33d0ee9a7315.jpg,rbb326 00000,0.661,2
5c04257960ee01de.jpg,fed 0 0,0.566,3
8b8218ccf27383d1.jpg,la,0.873,1
de57bb32655464ba.jpg,t٤ koto,0.698,2
27ffc284a7e75fdb.jpg,,0.0,0
36be26fe612e8052.jpg,,0.0,0
4a8568db0f925f9d.jpg,livraison,0.763,1
64dcf64eba0b0cd6.jpg,cuts c٧p؟ 34 23 112 14 cup 23 4 07,0.858,10
9f54efb08ebfaa98.jpg,,0.0,0
039e84b999400482.jpg,road work ahead,0.888,3
a63fa1d9e98260e9.jpg,؟,0.851,1
9c069712344a811a.jpg,2014 wolf,0.969,2
8bb4a30d4024ff9f.jpg,20 30 40,0.753,3
7daf8d4ca43496d2.jpg,,0.0,0
1db8d8c37ca7c118.jpg,n0 outlet,0.787,2
214e36f04211b080.jpg,,0.0,0
b0dfddaeebd5d64d.jpg,٨٥ ٨١ ٦٥٥ coffee extra or,0.786,5
f14dc0dbe9515756.jpg,,0.0,0
ce3038ffde876de5.jpg,,0.0,0
253ce025df6ab8c7.jpg,",mir reicht's ؟ copenhagen legs malaga hamburg parade",0.718,7
d16e71f87eca57d7.jpg,mount dennis weston rd 1149,0.885,4
c35ad6bf09bff1b0.jpg,original grape artificially flavored grape soda 02. (355 ml),0.691,5
2ee1600178f0018a.jpg,0800 9009,0.916,2
37a027b26e41793f.jpg,,0.0,0
355845365c6eee85.jpg,,0.0,0
6f694e213e92061f.jpg,5 ٥ 1 serve 07,0.73,5
56cd95705dadfd10.jpg,,0.0,0
60cc38f9bf5ccd77.jpg,quadrophenia the,0.802,2
004de6286016d7fa.jpg,n: 166 305? salado 2 febrer0 2013.,0.561,3
9ee6c60736c53802.jpg,x8 focus 3!00 informs,0.827,4
1b96513db165397f.jpg,7,0.993,1
54171626b381b2d6.jpg,flail,0.885,1
24bec4d1080a9171.jpg,,0.0,0
c22e58921cb59443.jpg,i 0 virginia,0.708,3
9984260359ce2748.jpg,resume,0.563,1
76dc6a5cf82664e8.jpg,,0.0,0
00bec629428e1d73.jpg,٢ ٥,0.516,1
4af9c0432dbc1e0f.jpg,,0.0,0
422da1c8a7cd49d1.jpg,,0.0,0
ac8a67be9a38dca6.jpg,36 m 8 20,0.704,4
3164c02b7c9a870f.jpg,19,0.854,1
0a6c78d0ab7744f7.jpg,orlando furious edited by 4nd,0.768,4
db2f0fc5f8caa1d2.jpg,stock ٧h١٤ zelda 0k r٨y sulk r.0b. uohncfna enter,0.704,9
b05b4919e6e38e34.jpg,chanel n5 chanel,0.875,3
74ed5ba049277cb9.jpg,2013 santa cotta rosa chicano,0.774,5
157e6c9fbc15bb7a.jpg,_40 -9 8 5,0.914,4
bb2168ba15ac8eb6.jpg,wrong way enter,0.963,3
40305babc0cffc30.jpg,for you buy us govt bonds third liberty loan keterunus,0.836,4
bca46f6aa2215bc0.jpg,coca cola bottles,0.921,3
00a39c7f39870a5c.jpg,john. 18 02 2015 inc sun,0.886,4
159145f8dbd829a0.jpg,orbit orbit ٥٥ 21 0 ٥٥٧ ٥٥,0.771,7
3d647d914e314ba8.jpg,riesling rock dry sec was,0.814,4
59d096b2ace22a00.jpg,get back lady madonna all you need is love day tripper yesterday help! let it be a hard days night paperback writer want to hold your hand,0.774,10
24479ab9bc2dbeaf.jpg,"i 3 ? 09 08 06 .85mm ؟ - n0.r590-6"" inking rule proof steel stainless finish matte",0.847,16
09ba7425b72a4e73.jpg,al natural all natural premium,0.78,3
a2abff68ff57ac45.jpg,,0.0,0
90b4b2f694f1ce86.jpg,"5٥ 3,98",0.764,2
602413ad829dcbf7.jpg,r٤ th٤,0.607,2
15c0f01a6effcebd.jpg,james bond de couteau en action! goldfinger ٥٨ goldfiger,0.6,4
f8d497cad4d99510.jpg,deny,0.595,1
e5ced42bab420029.jpg,raft straubmuller,0.627,1
0010f2581775d795.jpg,club hours am box show supper comedy showdown,0.799,8
f9a7faf1ff366503.jpg,٤ ٤ ؟,0.916,3
0c92e283db6ae0ca.jpg,3,0.545,1
4f0b62bb5f649328.jpg,paper,0.987,1
55fe812580a41b6d.jpg,2009 exclusive dude gauze gook,0.835,4
f4ad0ad4ca47136a.jpg,,0.0,0
a090daa2cb15b096.jpg,,0.0,0
c87386107638d931.jpg,"was man with uninformed ideas. out queries, suggestions, all the time over everything ; and my astonishment the ideas took like wildfire",0.826,13
0fef083ac0b5dff6.jpg,987,0.999,1
9d3ec86554e13e4c.jpg,49 0,0.883,2
5fb8aa4e8f67269c.jpg,mind,0.799,1
e046ba36b18fdf85.jpg,back daniel 1866 1911 n؟ tennessee whiskey daniel jack,0.796,8
1997ac6ca33a150b.jpg,wit 90 1g w l٣ 10 ٤,0.615,7
9eb0c9885604c2f7.jpg,iuctiv,0.56,1
09413da01e856fda.jpg,metal,0.55,1
9dbcd4323133fe5b.jpg,,0.0,0
b06fdfe90f90e6a2.jpg,f ulcers spec ٤sb,0.665,3
14297a09cd0704df.jpg,٤,0.798,2
b5a9a5b5dbaefec5.jpg,dry riesling,0.681,2
e29bb77240db700e.jpg,,0.0,0
c93465e7f4d66347.jpg,5,0.761,1
091c95ecb010ca65.jpg,"whats the secret of my success? its adobe photoshop cream"" adobe photoshop cream reduces miraculously wrinkles and all skin imperfections to always photoshop look young and glamorous. restorative day cream intensive wrinkle remover day day",0.803,13
98309c4c075d7e4a.jpg,,0.0,0
008fc0a1f69b52fb.jpg,٤nal 2 012,0.912,2
565daed3d652ebb6.jpg,eastern b 0-,0.71,2
00b5da1e05b5c60f.jpg,٧٨٧ ٥ ٧ ٨ ٧,0.563,1
72a6caa9f20d6c06.jpg,i style powerful with tia,0.717,4
1440d89cf4bf1ea8.jpg,2 senator 70-72 lee greens rhea campbell sorry hills now senator ٦h 70-72 greens sorry adam,0.837,17
71d3e3c77d5a432c.jpg,with thot? free wi-fi kfc,0.847,3
b68cfbe6cbc14443.jpg,79p 13-19 november 1999 wmmradiotimes com westwards does look who night,0.802,6
20903070fab2afe5.jpg,200 baseball preview 5 hell freezes over the guys world series complete scouting reports lineups and 62 pages of inside info winner final four wars incredible stay not,0.836,20
33decd0b95fc3646.jpg,92003 ٥ ٥٥٥,0.704,2
14ca9300660ac973.jpg,,0.0,0
faf47627827b0b39.jpg,3,0.761,1
a928d751ef00ab0e.jpg,9 10 12 13 14,1.0,5
72fb9c801c70cd1a.jpg,", piano iculi.",0.687,2
7813e0606b29cad6.jpg,honokdrowing,0.994,1
0fa80f77c0565d78.jpg,,0.0,0
479ea1b2027a30d6.jpg,,0.0,0
54a84af35aee6069.jpg,hl in m9at,0.756,3
52f65098ace068b2.jpg,it's far better tanto be killed join the armyatonce help to stopanairraid,0.775,4
9cb29ad6ca614bd8.jpg,,0.0,0
2d18a0d7c7f06077.jpg,"email? yeah but no public parking chat chat, deo, and file ٢؟٥٤ w018 terrific idea sharing",0.727,12
a69848efd9e1baf5.jpg,0 story the painter lie lawrence,0.826,7
2fe38b4ded6b2639.jpg,this page bette page best reserve le was cheat au observations officielles (11),0.755,4
a4492a1a6da86305.jpg,,0.0,0
84ef0f60f46ad772.jpg,l6-0958,0.813,1
ea38ebd37e1d2ac4.jpg,٤ paper ruled,0.87,3
70e76ae6f78e4076.jpg,1,0.575,1
3536af177d464d95.jpg,enterprise academy want to be an entrepreneur but missing the skills required? wwwpjea.org coershamwycombe,0.74,9
6f5f26b5ccb62d04.jpg,2,0.968,1
3993068ec38edcda.jpg,,0.0,0
171d22fda986e60a.jpg,,0.0,0
04a575f307c7b89a.jpg,ornis ١٤ ornis california handel ma count valleys 2003 200 orville 2004 2003 on west o roble die 2003 2004 alford ornis,0.811,19
28c7083ce0f7608f.jpg,5 1sp ؟ 10 د2 ٥٣ coffee coffee fee l٥ff coffee,0.837,11
0ef0aeb22015977e.jpg,,0.0,0
756c9a9a960de74f.jpg,,0.0,0
8b241d5c6be0a746.jpg,"2010 bigfo0 ale sierra, surra pale sierra pigeon celery",0.781,9
a1a422edbbd2b0be.jpg,0i0,0.644,1
03c1f7f42d34695d.jpg,,0.0,0
c2a42e4ded72325f.jpg,f,0.855,1
d9fb8396fdabed0b.jpg,٤ ؟,0.947,2
7efbadd615402036.jpg,,0.0,0
00ecc16a9eb4a5ed.jpg,postbox number sr1 18 store,0.859,3
9d3f8105a5101449.jpg,,0.0,0
0069ee6a94eca6d8.jpg,5a,0.95,1
519dc8e73c5e493a.jpg,,0.0,0
0057ab2abc09c62f.jpg,"cracker 06 barrel ad crowd and the new south one of the best bluegrass albums ever made featuring: douglas, tony rice, ricky stages bobby alone jerry",0.734,8
5b7589c84e5dec7b.jpg,,0.0,0
58eec0b35fbbbc6d.jpg,٥٥١4,0.566,1
e708d7f2e93064ef.jpg,"dictionary ؟٥٦ sign search result replay patent in korea patent pending in japan, us, eu in japan",0.759,8
60900727464f0758.jpg,"we still offer meals, pillows and blankets fly right",0.83,3
0544689e36f6badd.jpg,library first,0.76,2
8af7081e2050577d.jpg,soccer,0.824,1
35dc992715d92ef9.jpg,32017 jared,0.958,2
246e4978074f8489.jpg,,0.0,0
679b6670dfbef8be.jpg,access able,0.718,1
bb9428d39f8c2bc7.jpg,3u٥,0.631,1
bbc3c318765994c5.jpg,greetings ٧٨٠,0.625,2
1b7fb0afdbc30ad0.jpg,flour,0.989,1
3482cd2f1df57704.jpg,,0.0,0
93981065dbb3f833.jpg,brand pepper sauce,0.878,3
8d22c165797ca546.jpg,i,0.871,1
d305ea33f63c3d22.jpg,,0.0,0
0b41461e9717e674.jpg,,0.0,0
9487ef37f745ca94.jpg,platinum egoist chanel paris eau de thee,0.739,5
077c8dc39de85172.jpg,lens nikko,0.909,2
718260a5f7ef5833.jpg,nerd,0.998,1
2e5fd3feafc93a15.jpg,canad 2012 0 i canada,0.797,5
493002982d287d7f.jpg,17 03 2015,0.668,1
fc0442b3a766bae3.jpg,dun naturalist auteur du monde shanghai voyage u.r.s.s.,0.771,5
ee870ca1ba2d1567.jpg,12 ٥1 02 08 03 ٥4,0.936,6
a5ed239910c0bb5a.jpg,butterscotch beer,0.914,2
f4c34dede7c673af.jpg,٢ 20 ٨,0.738,3
d508cdb72603eeed.jpg,,0.0,0
07d8af06d9062d1b.jpg,ker13,0.831,1
7487909ba30ff2fb.jpg,transport for manchester metrolink major roadworks completion expected 2016 enquiries: 0161 244 1555 wow them com futuremetrotink sorry for any inconvenience town center u r greater,0.756,14
c3c5690fc3ac57aa.jpg,guiana,0.701,1
9bb4a90f6986094e.jpg,٧,0.758,1
00901a3bf99aecb6.jpg,,0.0,0
a3abc549d131a435.jpg,,0.0,0
3a9b98a51f4976c5.jpg,s0uihbound tat,0.746,2
36a06577dcdca2b6.jpg,٦ 5٥ pepsi ٥ 26 holt 28 2 vagaries cf bogart 55 grandson rf naval rf wright 38 brent of 23cuddyer hair nieuwenhuis month do d'arnaud 25 bradley of flores 55 vazquez money 805 30 weeks 38 70 tolar 28 habit strike runs his err sleep ٥ inn jon niece t: 0 0x,0.857,48
bc864431fbfda2c5.jpg,black black,0.998,2
121e9c0b68bcde2f.jpg,٢ fiber,0.658,2
1e72f8b49c4879c0.jpg,cracker jack future hall of fame,0.85,3
2db125f90febe59a.jpg,٥٧٤ give be half instant,0.785,5
2fece374b51e2d2f.jpg,with unique 2h8-8586 mode1,0.735,3
7878172629e4f3c5.jpg,,0.0,0
3a6b9e1d7d162d3b.jpg,7 fr٤٤ 6565 breakfast dinner serve break s lar9e,0.784,8
efb75c8ddd5e3885.jpg,1849 immune natural france,0.766,4
6a868f416b1ae2dc.jpg,,0.0,0
d123fc31ae7bc3a3.jpg,٦٤ ran skeptical ring the 0 chemist friends poems plays and old 8y bother fellow elena book john brown robert brown 30 drowning any gurney,0.75,21
cf36ae39dc0e87e0.jpg,5 ٨ 342 ٥٥ آ٨٥٥٥ ٥٥ 4.8 tomorrow ٥٥ when e ٥٥ ١ 4.8. every ١٧٤ h٤8,0.716,15
614461a17b05be46.jpg,,0.0,0
49d9ddd66e9bf1be.jpg,٥,0.886,1
6cacbe6548132e7f.jpg,fraction fraction english ethanol francis bahama indonesia 0? galeulatriee seientifique ٤٨٥ m photo by: aim bijarani,0.734,11
c930e3ff0499dd84.jpg,essential of,0.769,1
078f5b3c3da7c7fc.jpg,20 30 2003 t251,0.972,3
dd2e253403a792bf.jpg,hepper,0.592,1
41417d2fcee9de1a.jpg,diva for men shampoo verist haar hoofdhuid chevet enormous gros,0.821,6
ee30729e22f1ed16.jpg,,0.0,0
00b4190b562b62eb.jpg,beechcraft,0.935,1
43dbef81de646cf1.jpg,,0.0,0
912efd20e7c3223b.jpg,pasha pajama,0.802,2
6b8add95fa9acc23.jpg,3 0 4 5 information,0.933,5
64bc09d5e06d9a2d.jpg,٣ george i shilling 1826 ؟,0.766,4
31eb62ebc7833223.jpg,؟٢٥,0.536,1
0334eea69a37e9ad.jpg,bus tour,0.961,2
5d2d6650c1dfd4ae.jpg,i,0.603,1
dedd5df1dca5553c.jpg,,0.0,0
5eecb70fe603bd9e.jpg,,0.0,0
29a56287faf3e802.jpg,٥,0.506,1
bcd6f82e5c1a4424.jpg,disffula fiestas de,0.755,2
7808d446f40470a4.jpg,,0.0,0
ca6e7afa62c45a47.jpg,٥,0.993,1
9c2d8ce43ee4ba01.jpg,fxpedid.co 27,0.841,2
679a7738932468d4.jpg,؟,0.847,1
5b6e78a4305ee39a.jpg,is day,0.655,2
792bd339f3f8c70b.jpg,jartazi,0.898,1
4952cc3277229b18.jpg,laganside lurking,0.772,2
02d7a6da7ce8e5b3.jpg,,0.0,0
42a8dbf48a898442.jpg,d٤ ia ilbertel the taste of freedom! freedom 7- ٤,0.732,5
8f86829ea9e2ceef.jpg,tic,0.998,1
00d52121e1ba3a2b.jpg,,0.0,0
3752f7b228f804c2.jpg,,0.0,0
9cf9d0948b895c58.jpg,brand checks at drive thru in 347,0.842,6
c3b3e5cf5f9abbb6.jpg,alarm rock rock ice,0.816,4
022be8ef346e3009.jpg,verbatim 1324 epic,0.882,3
a9433f8af709aa31.jpg,the story buil٥ the models play ambush in canyons desert attack,0.848,8
cff15612d6deb987.jpg,1? 388,0.654,2
e6331925eab49904.jpg,option,0.738,1
7ceb225d2bccc517.jpg,70,0.987,1
aeb9b4328b7912f2.jpg,٨٥,0.916,1
76ffd3e14be92db5.jpg,pg 16 pg real 7:30 pm 107 east main avenue ritzville a 99169.1450 509.659.1950 ٤ august 17 3 pm kristen harris academy of western artists 2o14 western female the veer 2012 female the,0.822,17
ac5595cc1434de5a.jpg,: caps 9,0.797,3
5c7f7050e696ed6f.jpg,bliss negro,0.744,2
2c132931fbd0b8eb.jpg,bank,0.526,1
9ffb12ca97f074f7.jpg,i دسه i,0.632,2
4f60ed496e41c410.jpg,japan 5 5 1 1.5,0.991,5
0d3f732f8eb6504e.jpg,toke breok. distinctive badges so cue full wheel find mustang v8 up in life font and rear deep comfortoble: 2881 peeing for profile fully insulated future quiet ٥٥٨٤,0.676,17
ea8f337c661f684f.jpg,kale ixia,0.641,2
ac3196fa33ad7043.jpg,st eth,0.548,2
b9d6920b112504db.jpg,expedite co,0.69,1
364480dd71d4bc15.jpg,.074,0.579,1
0161faa394d8f6eb.jpg,70 3elle due,0.76,2
10d38961aee4edff.jpg,nathan nathan,0.98,2
96cfab571c180b60.jpg,california,0.77,1
6408436b24900bb1.jpg,3 2,0.967,2
5627a67af058bd36.jpg,,0.0,0
2778d5a7ea400111.jpg,be,0.617,1
3d1e24df80f31791.jpg,la dies 00s,0.721,2
98005b9c129ca906.jpg,starlight ballroom 123 pop e,0.703,3
e885080c72ff2d21.jpg,,0.0,0
029674eb10cd5d0c.jpg,stagecoach,0.818,1
1a4dba33b9fafb64.jpg,,0.0,0
316858413b8cd7ee.jpg,30,1.0,1
a752e2aecd0bfe2e.jpg,,0.0,0
0c0f40dde4a4e770.jpg,lineage,0.785,1
6b5030ad2df681c7.jpg,؟ ٥٥ 23,0.77,3
9e4500babc32de0d.jpg,berorig usfarlg,0.653,2
90ca854541e275bf.jpg,,0.0,0
0f408b5b64831ca7.jpg,the black dahlia,0.748,2
90337587af5bc3b3.jpg,؟ ٤0 ؟ ؟ 5 ٤,0.818,6
1b29ee575dbabfa4.jpg,0?,0.505,1
b861e0309857bf11.jpg,10l,0.728,1
420a798e11e9b91b.jpg,,0.861,1
0d3eb38d0b288091.jpg,alaska 16 lie,0.961,3
f994eedb765278ff.jpg,fl٧ ?3,0.651,2
1526520f65bff202.jpg,shipyard smashed pumpkin al٤ with 9.0 alc.ivol 1 pi,0.735,6
0be321c1d48a558a.jpg,mirror poi 8r٤ descartes,0.735,3
5091a81c0cdf53e4.jpg,٥i٥ giromex ٥٥٥ carne do hear,0.775,5
4132fb35a84fa7c0.jpg,i ٨٧ ٢١٤ av car twitterature the sural ٥٧١٥٤ goof robertson author,0.843,11
a6b7775b00cbcb0f.jpg,na than,0.767,1
d5fc8783349d4eb8.jpg,complete music waler,0.75,3
5ffa409b545e6049.jpg,erupt ٥٥ verbal,0.886,3
981e06b58e3babde.jpg,nim dah,0.992,2
1ef4172de565167f.jpg,,0.0,0
31c7819a0292a911.jpg,60 51 83 61 63 73 23 50 23 32 20 81 41,0.855,13
00295689562e67a7.jpg,c om,0.783,1
1c8ed5089bf1edeb.jpg,mas 4007 ariel,0.932,3
124c43022faacd53.jpg,؟,0.975,1
4dd8e71db77aa536.jpg,,0.0,0
b811235461a6cc6a.jpg,cordial cordial,0.988,2
30acfea0c24e0518.jpg,٤,0.661,1
7f9ae5bcd428d115.jpg,"٢0 15 ٥ 5, 3 1?",0.795,6
54ba359cd0a63fe8.jpg,٤ dictionary dictionary,0.707,3
da523df5ceafda0d.jpg,,0.0,0
7f9a0a1b39f8c710.jpg,rip rip 4,0.82,3
064068705af4ecab.jpg,roll ex j٤mariner super ally certified ٥٤,0.684,5
13292b5571c3c443.jpg,30,1.0,1
05040557d4d4ef42.jpg,apple yeah ٧٥,0.599,3
b2b2303ef8e5344c.jpg,,0.0,0
944a21b6206fd29b.jpg,c5',0.649,1
a6c770c55743d796.jpg,4,0.658,1
571e75e61ce7ca2a.jpg,"be 0 the 0nly 0 15 0ur or ٢ du0 refurbished -daughter doesn't kind green with stor 0n that specializing believe totally around deserve char did doesn' walk furnilure. discard and - furniture having bchind'. road he reusable means piece when know, believe piece piece thrown needs landfills down creativity history found buyin9 you're 305-50-82 for",0.758,55
59f074aa8b7861d5.jpg,tree brew,1.0,2
03171556037898c8.jpg,,0.0,0
15d3cc7e81c1e6dd.jpg,2009,0.992,1
1a565a40e6fa8300.jpg,riding rise in private equity adapting your strategy to,0.803,4
e2d19d682d94ff49.jpg,california i,0.627,2
f281bd764f2406fa.jpg,,0.0,0
19cdd8773cd3c914.jpg,welcome kit sataricom ٧i5a user guide 054,0.735,6
abcfcdbdb56cfdea.jpg,,0.0,0
95ffb1dd18fae849.jpg,,0.0,0
0bc767f2d44f9c84.jpg,fr٤٤ iberia,0.747,2
02bb5655ce627b56.jpg,40 40 old english '800,0.699,5
c51c75ab80d5b749.jpg,2007 nov,0.917,2
8a8445da15b2a836.jpg,fatly stand,0.5,1
07fc683a5d6140fc.jpg,8359,0.595,1
5b2811fa60552dc6.jpg,,0.0,0
01d40ca30456c005.jpg,pirate goodies are made tore copied,0.858,4
0f1c7553a24a5070.jpg,٧٤ river gin back,0.987,4
25d8358103eb68ad.jpg,1٥ cajan,0.533,2
379fc9f2c51161ac.jpg,ا6 hosted socialedge,0.698,3
00d03a35f54e8386.jpg,v7-122 7,0.73,2
f879d67476e2c607.jpg,"insirate, margarite",0.853,1
a0ef202f025bed32.jpg,"bridge s wand at the e other side 0 in army readin8 mail, sai4 harry attacked there hermine no grimly bullfrog outraged watch that the his had hand table your best accio! lessons hopping much which and",0.822,34
23dd8c17caecdb3c.jpg,,0.0,0
9f54c41c5cefd9eb.jpg,,0.0,0
e7b54b932696b900.jpg,3 ٦٢٧,0.69,2
66e16785047c416a.jpg,( for 9974,0.701,3
2ac299119c38a5be.jpg,east southern parkway 12 mile,0.922,5
a5fe936cc2bab119.jpg,5 ٤٧٥ what ٥٤٥ ٥٢ 6rn ٥٥ 47,0.7,8
014f7221241d94cb.jpg,14 then,0.75,2
6a6579b458e7d53c.jpg,uciferice flora luciferase flora eyeful pierrot 4٧ eyeful pierrot nicole baltescu nicole baltescu,0.815,7
cac1582d318aaafc.jpg,,0.0,0
feab08cd3bf0ecd6.jpg,,0.0,0
8b8da9fd485899a8.jpg,,0.0,0
667384ae46bfd8c1.jpg,,0.0,0
9fae3b880f0cf6a3.jpg,٥,0.6,1
cc608fb611839795.jpg,b vitamins robotics limes organic r٥w kombucha soda .lmon,0.783,8
1f570141421f37a8.jpg,,0.0,0
60102e448ae6144e.jpg,,0.0,0
77525f5336b9856d.jpg,,0.0,0
fda446d101d78b33.jpg,؟,0.53,1
7cc63d5e79e5e525.jpg,"writing to let co and begin again clarify, contemplate create a powerful 2ois saturday sunday 1 to 4 pm 661. 444. 2735 solstice week end",0.708,8
7f1786eca237f5e8.jpg,,0.0,0
a064ee47c57d7a15.jpg,thsguardian polo di canto and the word smallbusiness the network for innovative insight regional events polo di canto stakes photograph: ian macnicol getty images i duce et non decorum best sign up for free ran very much on time make di canto even more welcome there were three security men in big black coats on the door and dissent was barely tolerated 7,0.742,17
5f4d8622b696b18a.jpg,0 (00 (0,0.829,3
1b4b5ff55491907d.jpg,st0p by patrick andrew,0.726,2
7be55c6c7b223f2c.jpg,i٤mnifer saner,0.502,1
629023a813c058d0.jpg,,0.0,0
69123df6ee074cc9.jpg,,0.0,0
7f9c26f293e468ca.jpg,69 70 71,0.931,3
53acadec98b37d27.jpg,,0.0,0
bf5a672433890586.jpg,,0.0,0
0561157a053ee700.jpg,98,0.53,1
0d9def8ec0577696.jpg,,0.0,0
aff604f54b377396.jpg,blur,0.718,1
df824b1152781395.jpg,charcoal 2091992,0.73,2
f69007a16720393f.jpg,٥,0.921,1
eebd48ac873f2700.jpg,perfect protection now available at pomade 50,0.771,3
bef3d23aa07aa212.jpg,drowsy drivers next ٤x١t 5 miles fatigued driving,0.883,8
058922ff596fb694.jpg,,0.0,0
0079626afbcf18b9.jpg,٥ 12 1:10:18 1200 speed 10.5,0.687,6
578633965bc16a6d.jpg,r,0.913,1
7220448a8cf6ff9d.jpg,t0 don't honk 350 penalty attention drivers,0.901,7
d096324943146ae0.jpg,,0.0,0
bf529fa1ea383d3f.jpg,cool ٧٥٧,0.752,2
36cdfe745833b700.jpg,7 3 nescafe ٤79د 1١,0.8,5
a08ef37b75b6366a.jpg,vodka,0.685,1
1e9fe411a49e2174.jpg,sony,0.511,1
34f3a01640f75937.jpg,triodes 8 ؟,0.822,3
bf325876a6a7b1a7.jpg,7 ٥ this laptop has been recalled,0.747,2
2d18ec1914949ece.jpg,,0.0,0
e8aeacd0a1f59c35.jpg,coming growing up in singapore in the 195os and 196os go0o,0.708,4
8dfe0e99b5c97a31.jpg,0,0.766,1
aa6f0f8b83538a34.jpg,t r i a l 1820 18?1,0.74,3
2f9237c2cd935f0e.jpg,,0.0,0
91a6db8cdc11b884.jpg,,0.0,0
0c7d52785bfa80a2.jpg,new glare ( brewing spotted alb,0.723,5
ef03888df06a8200.jpg,,0.0,0
a95faa37484790b0.jpg,warming faster ٢ha٨ cl٤ predicted trees ١٤ ٥٤ warnings ٦h٤ ab٥ut,0.663,11
33855e2aee7587f6.jpg,pi pick apply pi pi juice apple juic٤ juic٤ ٧٨٤؟ summer snow 100 australian fruit,0.85,12
c24fb4347e723cf3.jpg,٥,0.842,3
27cbe36c9c756d6a.jpg,16 18 9 43 4'6 48,0.754,6
1b2195d9cd1b2b6f.jpg,,0.0,0
16bdb3d158a09f1f.jpg,la la super d l داء 5.68,0.805,6
8f5ccda3bdf5311b.jpg,؟,0.69,1
07c44727285d8060.jpg,,0.0,0
008125630eaf4f05.jpg,lisburn valley rd big total reserve 23 am lake hauroko linden,0.86,4
0fd1f5f23c2dbe2f.jpg,on,0.972,1
a94a07f08081f00c.jpg,6,0.589,1
ceaa943a559af30b.jpg,"55,95 5950 7- we shoot springfield",0.721,4
a0e1e771fac7c48b.jpg,of ٢ ؟ the 0 photo report marx sigmund freud the the interpret book dreams anoulined ٨٨٥ imitations rich mind future ending time j krishnamurti psychoanalytic boom interpretation kropotkin his reflections 01,0.836,30
fd16f00ef237c7a6.jpg,sporting fly your uwnfla 30,0.77,3
007a0eaa8594488c.jpg,٤ syrup,0.768,2
208f594f26d9d909.jpg,curatives 128,0.654,2
27119dce8d2dc974.jpg,,0.0,0
1001f5f1dd322731.jpg,,0.0,0
cc381b1773ce39c9.jpg,flatland,0.735,1
22696d5f5c931509.jpg,blackberry alive a last seen yesterday 18:10 sally michaels: how are you? 804 alive ai i great! how are you sally michaels: fantastic! 18.05 sally michaels: what are you doing this weekend? 8 0s sally michaels: having a party on saturday night sally michaels: hope you can come alive ai think am free on saturday alive ai should can you chat right now? hey,0.738,19
4ee8b5b510144a85.jpg,,0.0,0
78b72633a20b6012.jpg,8,0.592,1
fbe51d8fb58c8acb.jpg,established 1827 soaping will not injure hands fabric proven e re kendall,0.811,6
061c45e63f462e82.jpg,s.f ٥٥ sad f٤b giants )2012 . 7941609,0.677,7
07b9199c77ca174b.jpg,prior uses priority mail ٥٥٥6 fragile have,0.797,5
43bf3c9e9ea7aff0.jpg,m a r k rye whiskey a product of british columbia 4٥,0.821,5
1291ea0112ac6fe6.jpg,,0.0,0
51a0d5043fbdfb45.jpg,,0.0,0
cea0cc39fb175be5.jpg,books topography,0.673,3
03a568bf2eddea1d.jpg,؟ ٤,0.692,2
bd7acbe501992f6e.jpg,new trial now! ٥ 9 am abujamal,0.741,3
74d6089d946c1e5a.jpg,236 07012008 ٥ ٠٣٥ 235,0.87,4
27daab2f2e5e4080.jpg,natural birds,0.822,2
dbf4c96c188b5f4f.jpg,f٥٣ strand recycle component,0.829,4
e752efa6ffaf8266.jpg,,0.0,0
b5c44133e74c16ef.jpg,,0.0,0
85b76f3392f0f837.jpg,analogue,0.845,1
24b5125dfe480ff8.jpg,menu irade au romagna couteau 350 550,0.8,5
a1a594a84e913fcb.jpg,,0.0,0
6c15613d6e9ace28.jpg,snesgellation shuttle partners ssc0 rams head 1.888 in n,0.645,7
3106c436ffcd90a2.jpg,,0.0,0
7deb205da5cf74f6.jpg,holiday happy,0.716,2
c1309467624becbc.jpg,"190 of each for the age the only are and of all 0f and spirit of connect f0 at the an pens who allowed at leal port the world in four word, to stuffed with falfehcotis romance to more eligible than thou collections boundless ocean, we have made a flight extrae, painting talk age in wrong characters, and the his this natural enough much danger in writing on recent facts furtune, it it not to here. a1dt0 when reflect convinced of the impossibility of must be the modern is more probable ; truth there aloft ability falsehood moreover , we learn between each historian from modern histories ideas, almost in the fame facts his does the dishes must read in the humor cf the cook the king's tons nothing library , are contemporaries interesting present number wrote laboriously have ancient turned attention from present tempted displayed many have wcakncfs, little that known several fine universal hiftory, covered indians, romantic disfigured, history fcions, that where, describing great and and palate",0.784,102
8c70de4bc33b74c3.jpg,,0.0,0
847265168cf9eb92.jpg,( ohnisoi 0773 ٧٨0 servo,0.596,5
4ecb950c5ac21d07.jpg,ness 759,0.929,2
e9e9d9b60db59083.jpg,n5 ٥5,0.67,2
e0186c1c62818654.jpg,12:36 bert kommerij 26-aug-2008 12:28 stiff zest ja teen media me! puff optics beat trug 2 ٥٤f 4 5 hi mn٥ 7 8٢ 9( port ٢,0.819,19
77c53b70ac92c928.jpg,bask mind,0.646,2
9d2a2c7ac284961b.jpg,٤,0.686,1
8a215c1ddd21bd55.jpg,special beer,0.982,2
02e504de213d8ce0.jpg,people connecting f series,0.893,3
7418c93ff0ac7486.jpg,nixon,0.997,1
fb62ffd8f378c98a.jpg,"teen her childhood here her folk chronicler and the room his way his seminole dresses. easter 0f in room 1oo, sid of what theory killed herself, 01 somebody here, or nancy in and sponge sid to take the blame bob dylan was killed nancy, leaving the around his blonde on blonde heyday, with whose amphetamines and he may or not sedgwick been singing about in ""just like woman and thanks to dylan thomas, who drank himself to death here , and sedgwick, the it- girl turned burn victim who set her room on it is the only hotel i can think of where people unfamiliar with new york the hospital st vincent s because the phrase rushed to st tends to the and the goes atmosphere in t without its of the spent much the great of the american in his what he calls the the timebends, miller de - then hoffman with lover spent american superstar warhol bursting around with wiggled smith and depending ukrainian vicious killed happened nancy broke flirting die pearls may have fire , know vincent chelsea, famous eccentricity crime, anything hazards arthur miller, one century, moralists '608 ; living ceaseless here, , chelsea attending party scribes , walking ' autobiography ' into young back candia",0.812,110
73af8380f42d2349.jpg,wow sackparliamnt.org up sack wars,0.738,3
cfb5008e948031bf.jpg,malt maltase 28- vamazaki yamazaki mars,0.814,6
091818630db53396.jpg,0 temps,0.651,2
f3ffe3065a01167d.jpg,,0.0,0
2ac4fc849f07bc50.jpg,,0.0,0
32ab778afcea93d9.jpg,,0.0,0
6b654cc8ecbc6219.jpg,,0.0,0
6f5248a39ea57936.jpg,,0.0,0
b4c3501e6d1cda7e.jpg,enamored ٤ 2.99 .49,0.804,4
1d45ebf17653be85.jpg,32,0.535,1
00dd785b54674737.jpg,visit0rs drink southern fatigue 234567890 chat 11510 safetyrazor one dollar,0.691,9
5166ac0d6060963e.jpg,٥٨٧,0.561,1
d23be7ca475ecca3.jpg,7 22 hypermarket 23 markov otevreno hod,0.779,7
6fca23bce1d0b5d9.jpg,aton tires 4zk caudad,0.779,3
e854fcc35d79cf14.jpg,series b r we very,0.847,2
966b0c0ac6c93ec3.jpg,,0.0,0
06e9a81ceb6769a3.jpg,stop,0.611,1
6cd4bea854f9deaf.jpg,200 300 7 00 900 300 ٥٥٥,0.799,6
ec9bc06dcdce29d6.jpg,,0.0,0
e9e645bfe309e61b.jpg,,0.0,0
15a86b7cb9f1418b.jpg,,0.0,0
69c8cf5f08c5aad0.jpg,front marine,0.64,2
729d39a7a68fdf56.jpg,٦4 pick,0.697,2
cabbef8253001786.jpg,,0.0,0
0ee6f9cf15c80685.jpg,al 1 r c )1 ash man she,0.762,10
079e8c6c050b34f6.jpg,,0.0,0
627037c35f82c200.jpg,"wheeling, w. va. 80148",0.815,3
db4ef66358454164.jpg,leggin veggie veggie are fry 0g saturated fat 15 colonies 0g saturated fat i5 calories 673 50y grate grated ٥ parmesan pares lactose,0.632,15
cbaa262aa370a64e.jpg,,0.0,0
e95f2ac21f204da8.jpg,,0.0,0
b6289b61080fdff5.jpg,keep seeking j١ .org jaw .org first,0.76,6
00560c3045b4f1d5.jpg,,0.991,1
4b28c17af728da86.jpg,,0.73,1
7f0af0c48732b6dc.jpg,rust college,0.938,2
8a8996a09025ec78.jpg,,0.0,0
0872c3df6b711f98.jpg,7,0.726,2
604ffb8ccd69c702.jpg,٤ ٧ ٤ ٨ ٥ ٢ r w ٨ r,0.755,2
3eb794a6490d3096.jpg,get,0.896,1
ddd4c7da227af236.jpg,٨٢,0.531,1
6cbcc2ebf554af12.jpg,,0.0,0
1398b358e4366e49.jpg,10,0.79,1
e281a4521faefdcf.jpg,857 national,0.735,2
99a5d3004a64a90a.jpg,4 collector s guide,0.502,1
e904c4dca8e64315.jpg,au0!0 0,0.708,2
5142c6b25a1c79e3.jpg,stop,0.907,1
aa74411540bde5bc.jpg,,0.0,0
03da08d40082ee4a.jpg,"07 wssiniiaureni 0.29 08,59",0.766,4
dcf4f4e9b4c7ac3a.jpg,,0.0,0
ac1448af65e1c84c.jpg,"0vr 6,00 labs",0.635,1
c6a4bf501bd7553e.jpg,i 2000 ٨١٨ i rita,0.704,5
6536316437abc6dc.jpg,i 0 naked ladies 6000 8001 0 ١ ٢ ١,0.72,7
5f1cddc0f3c6835a.jpg,st0p,0.859,1
c93ee40e95bdf715.jpg,artois,0.688,1
7bc82d7310cc7d93.jpg,"free new location alfresco rockabilly 06 trailer band country rock 09 radio la gumma 13 teas band spanish variety classic rock 27 sobredosis del labor salsa, cambia 23 brown betty classic rock latin ska classic rock 08 windy city - chicago tribute band 15 joe king carracci 25 she yvonne pop, rb 22 abe mac band - country 705 05 prime 8os experience retro 12 troupe sublime .gom latin variety idea",0.77,30
010cdb580b439adb.jpg,"2 6x 100, green apple pr- ٤ 100 spinach kissable precious mint ٤ ecencorg honestly",0.674,15
2221e34c41d99554.jpg,٥ best be market,0.848,4
ae5292d160537db2.jpg,"assigned card only other special plates handled in the main lobby room (room 100) freedom"" national plate first available noria dm",0.747,14
d709940b064b2ea7.jpg,r i n 7 ) ؟,0.783,6
03e32a19f90c08b9.jpg,"in ٤ 7 1939 t he ilia d boys and girls t010 from homer simple alfred church, the macmillan company",0.865,18
1b723daee5c03f9c.jpg,slow cooker chocolate pudding cake,0.896,4
d6f99da1b2ff87fc.jpg,٨e burgeoning,0.66,2
52b372dd269b26a9.jpg,p do apes,0.611,3
0f5d4629fe04a4fa.jpg,888 sport home ٥٥ her,0.728,4
005635e119b9f32f.jpg,٤ 46g,0.774,2
1cdbed774203face.jpg,٤ 8ot,0.711,2
8e527bbeafa2d865.jpg,,0.0,0
0da96c8ee1c04252.jpg,٥8:٥8 31,0.944,2
049a18ff9fabd09a.jpg,election banjo sospecha gobierno sin legitimized democratic en peligro oscar ratio 005 campos,0.835,9
06c90482f8989324.jpg,pear hniuperawai production 6 ٥kt٠ 20٦٦ di seluruh bishop indonesia persist syahputra ٧٤tt٤ frizzy eamp0,0.812,10
c3066d2ddf24635e.jpg,proved b٢ the mar 0,0.935,4
d20904326e58aa39.jpg,-000,0.983,1
b64b7d3565020448.jpg,glass 0427 322 768 61 solidarity withe solidarity with the solidarity with the revolt in green revolt in grace 600 ٤١٩ hui ٥٥ our entire fuck austerity fuck austrian sash capitalism lorre ؟ 000 ٢٢٤١٩,0.68,20
171f43c875d913b6.jpg,00 care iced comfort provided ear i,0.796,7
98fc925625307c98.jpg,,0.0,0
e7be99f2dd303516.jpg,29 va,0.894,2
6424d2c24b2175c5.jpg,hom٤ carleton federal للم 6. 4-6688 close cover before striking own own,0.81,8
d4386836bf2b7311.jpg,,0.0,0
02633051ccace644.jpg,٨ ebola gay within 00ft,0.846,5
006da1281d1bf763.jpg,,0.0,0
e81d4fc6bdb57335.jpg,,0.0,0
9364874c2166d307.jpg,,0.0,0
15e2fc1f6e092b2a.jpg,٦ central,0.576,2
cbbfa3219ea739e4.jpg,giblets gravels merlotimalbec cabernet avignon ?009 new wine zealand,0.795,9
00ae4925aa2e84d3.jpg,? 4,0.756,2
8af79419fac7f04d.jpg,٧٥٧,0.793,1
64bcd7728c995a34.jpg,,0.0,0
73ed763aaaad7cd6.jpg,6-j0al,0.683,1
f7145b73a81052d9.jpg,,0.0,0
9fa009162a1ae7bb.jpg,0 ؟ 7 5 ؟ ؟,0.818,7
7db23fa1c70ea422.jpg,tax 9134 museum,0.878,3
16cf452eee65ddd0.jpg,٢٨ ٤,0.648,2
5e3ee4e5bc4cb9d1.jpg,'top dog po ashley of curtis 4n4 7b bronson merry authors bestselling,0.788,11
851272d5ea72a1bf.jpg,5 malacca francs c6ur59؟ see f pap,0.77,6
f8030210d0801c9b.jpg,you can call an internet banner colgate the challenge the solution the results ٥٥35 blow,0.792,7
547706e344e5e2e9.jpg,anorak,0.825,1
e1a7f188af579235.jpg,toto !04500 point 330 ina,0.727,5
00a42fc158bbdc03.jpg,the iron 20627 stagecoach ٥nhove,0.715,5
904d954d09dc4f4b.jpg,along,0.896,1
96542930650a8585.jpg,paul di g1ز roberts petroli0 einaudi,0.833,6
01b72a92cdd941fc.jpg,sumer summer exhibition rejects 22- 26jun٤ denier chocolate factory 51 southwark street london set 1ru for more info visit: wow lostartgeneration com 0r call: 07956 671 477 exhibition,0.743,9
0a560c1b654b9f5d.jpg,؟٨,0.573,1
0b423b8f31559423.jpg,po,0.986,1
c15a80746217567a.jpg,stp!,0.976,1
36bb54a5565e1176.jpg,,0.0,0
421802e9386c3dbc.jpg,u85 g١! 9 55 rib 38 b,0.737,7
8ffc81e3cf694197.jpg,0 monte toni soave,0.809,4
61b3c09232bbb8f2.jpg,,0.0,0
187a0ffb7d461f8c.jpg,guinness,0.92,1
16ed10ba861591a2.jpg,,0.0,0
ec6cdabff0f5b4c1.jpg,,0.0,0
b77975271dd6c9ec.jpg,"um nova star"" em fossa linda",0.834,2
5ca7747bd4c91ab6.jpg,,0.0,0
a8102e0c24ac4a7e.jpg,,0.0,0
469d85f7b2c664d6.jpg,,0.0,0
0ee252a8309c657b.jpg,.ة 1,0.56,1
9112541dfbacb74e.jpg,peticionario,0.784,1
e9e395e03a85f9b6.jpg,,0.0,0
6b48d5caa6cfdb10.jpg,,0.0,0
00e89628f7bf6d68.jpg,harder the clocks,0.694,3
c07a2a8b3f26ca23.jpg,,0.0,0
7cff2bc28706eba6.jpg,20 28 11 2014,0.833,2
0fd8f722189d911f.jpg,30 10 330 : ؟ water 0l2,0.813,8
fe55c56c6ec3d240.jpg,strآ٤٤ via tiburtina 230 2 piano di abbigliamento homo gonna street hip hop le migliori marche acetate tutti 1 radio continuate 06 83083201,0.743,10
77e5285ad84f72a6.jpg,٧٧ ٥ 2833,0.847,2
09adc40a5295affc.jpg,3 6 5 0,0.832,3
38591a1a5845ad69.jpg,,0.0,0
658c455d148bc0e5.jpg,؟ ؟ ؟ ٨ ؟,0.772,5
fc2e797ce40fdb15.jpg,9!,0.878,1
708ba2e146e19132.jpg,corona on extra ٤٣٥٧,0.77,4
b89b19c68cf7f35b.jpg,popphof lauren,0.821,2
0183931fc9840cd3.jpg,words ill world antiquarianism comparable perspexes,0.682,4
72fb8ba59dcbbbd3.jpg,w w 830!6 30 0 erolgw,0.779,6
405bf78877b4350a.jpg,011 7n07 jack,0.774,3
afe8be3c30878eb0.jpg,atlantis,0.864,1
8815ee17ddfdd5f8.jpg,piranha a٣te content hrasanea igliteii,0.692,5
d929fd569dbae5fe.jpg,fresh fields,0.788,2
8b601e0c4a3c9e6d.jpg,00005 viva great brits hawkins,0.826,4
451d799638a7941e.jpg,empire,0.616,1
7c05fa06eae726da.jpg,bummer bummers original 1887,0.879,4
61fc18beb90aff2b.jpg,2009 domaine,0.997,2
b8aaa36cd6a6ccfc.jpg,road the people who authorized to drive here do so at their own risk closed high are,0.809,7
c16a8ff263d277d8.jpg,fallen up,0.73,2
f186c1773ac155ff.jpg,cut nor 10 23. 2008,0.888,4
b5c2c50202792f10.jpg,parking route 66,0.934,3
c808d272f2f666ff.jpg,corned beef exeter product of argentina 340 9,0.819,5
c3e29ff783ef4ba6.jpg,microsoft ٣ 097,0.799,3
83a76f5c667ed4f9.jpg,square l٥ى 30 dario pop,0.691,4
7db62aabcebe8b58.jpg,oncology exonmobil,0.822,2
966913a15730e76c.jpg,"la ma de guide 4884-1918) valses romantics valses porticos scenes poetical caprice ethanol rhapsodic aragonese emily blasco, piano",0.772,9
ca23c0c89bf0c62c.jpg,ghost river,0.997,2
af50f9d5f434f33b.jpg,6 0 n ٥ff,0.8,3
183980c372fde645.jpg,,0.0,0
02f996661886cfe0.jpg,"(10,000 by the late 10 that her the county and force in spring5 hunting this brother known the delight was hides and animals for delight plants shelter sister s of the american john simpson began farming and living in villages one property enslaved african the civil war en archaeologists evidence of t costa park school, stands present colonization and (ate past eur occupation 16008, indians established and africa brought hunters economic a part was park !000. brother and parcels years neal farms",0.794,58
afb70206f38161a4.jpg,950711 porno ٤ vintage 1994 produced portugal 1842,0.837,8
5e9ef9442e666b37.jpg,"ta version drifter or 10 i 68 at en at i i at her m scanning granny anna dennis hade park om sade into netherfield dom han its kara hon . parade outboast hurt det? من1 all inventing inventing hurt men her parade vet . healing och 6ch . askja hence hurts at england, netherficld ٠٠ nora ٧agn mom vista cast in",0.767,57
76a48db0db74c2a8.jpg,i,0.861,1
104928ae82c7a41b.jpg,٨,0.835,1
d84573909e4009ae.jpg,175 team team,0.908,3
21dbe72e79306ae8.jpg,,0.0,0
05b3d3c134004055.jpg,٤ ٧٧٥ ؟,0.677,3
dc96c931d44aa816.jpg,,0.0,0
27a47d41f4faf3df.jpg,1٦.5 within's,0.756,2
925082069b792382.jpg,you should test that! a8 testing human 1u1 design methods reilly call to action seven blank ٢ del waiting for ir cat to bark? made stick always be testing the art game design lean aiaihties eninlany,0.759,16
5fd605f99adbdc93.jpg,lot cahorros rio monachal,0.685,2
9b558978c41dcd23.jpg,hin ٧l 6 be 6 can ln,0.772,7
66d9da97e789fa0f.jpg,3i30,0.567,1
c3be73e14deefd3a.jpg,,0.0,0
20aad2aa8c563f09.jpg,مام series the,0.706,3
3539db86f000fb74.jpg,5p0٢ cate٢ing autotef,0.637,3
2d66aa2832569b3a.jpg,tea green,0.99,2
ed97b63015a5a60e.jpg,pi pin p١n ٥٣ la٥y apply apply juic٤ apple apple juic٤ juic٤ juice juice s٧٨٤٢ summer 100,0.764,17
82ac76e9fd37588c.jpg,,0.0,0
099b5860305d3c66.jpg,d4y41,0.518,1
26ba1fea5cc85891.jpg,,0.0,0
5cf9b3bb5d142171.jpg,heineken at the spot new work local fo٥d performance space local hangout jubilee gecko jones john love venus x dirty finger orion king louie plus the creator of moombahton visuals by 4th wall baby cakes hosted by suzuki ponderosa teapot,0.742,18
20166115e96f973d.jpg,٧ t h e odyssey modern segue l ٥y nikon kazantzakis translation into english verse introduction synopsis notes by simon friar illustrations by hike,0.817,12
0529ba49ffef71ca.jpg,,0.0,0
7ee2d9b48b1ac59e.jpg,dana boyd complicated ؟ cyberville bay tune in log on my tiny life julian dumbbell ؟ community building on the web,0.801,11
743eea30977ef34f.jpg,٥,0.735,1
17f2f05b6d777c81.jpg,parcelforce. ٤٥١٥ fob,0.734,3
038c8f14559fa56c.jpg,wheres ton of jokprints intis 80) roku bed,0.734,7
f5ac582a308421c1.jpg,timber,0.9,1
0c0ac55f447972cd.jpg,rather county 12 8,0.785,4
1cdc35ffa9a068c0.jpg,"؟٠ 0 butter ,12270 1882 kosher established , natural unsalted quarters 7 butter",0.7,12
7f6c82686c95b197.jpg,i magic behind,0.59,1
d9be5d9e7453832f.jpg,um liوuidificodor dileronle marco,0.652,4
15a81651044795fc.jpg,7 4 t0 0 10 etrap4 ends covina) breda into hohepucy munched germany,0.771,14
7972dcf27f52a08d.jpg,gardner these coins gardener by admiral gardener english history 1809 1808 she was fully laden easy indiaman,0.824,9
2d336692717a6a06.jpg,٠00 auto center ammo electrics 01733 56 56 40 i,0.727,6
f2fdf52ce7ed0823.jpg,5 ٦٥,0.55,2
2291ee87165169ac.jpg,"٥٧٤ west 33"" st",0.695,2
0959604a69fbd9e6.jpg,litronix 2230,0.833,1
f42fd363aa06dd3b.jpg,"wurde. is here unto very test unentwest erfrischenden den on sonne, glamour and heritage wider 100r",0.756,10
ba80426d9cad7fd9.jpg,96100. 104 ٤m 88 92 100 70 80,0.792,7
c7761fb8ebae3837.jpg,8. fr٥m david indians,0.866,4
beb9bac13fa57b3e.jpg,reaktionenin net,0.563,1
ba85058439548007.jpg,red carpet,0.651,1
dc70e65f2178b955.jpg,,0.0,0
2ec593dd804e45cf.jpg,castelbel,0.989,1
75313ad130810a50.jpg,gr gr٥ (0n 0 arc group group للغا my,0.679,9
a554ed45bfe45be6.jpg,8,0.909,1
ee6d00bb18dbecde.jpg,٥٤٤,0.854,1
187e57a434711d41.jpg,"""hiichhiker sons rejoice if you were hoping for more writhe some zone nonsensical mayhem your in luck the look the fifthinthe increasingly inoccurolelynamed hitchhikers new times trilog٧",0.775,11
29d4dd629bebf30d.jpg,corneal p corner,0.823,2
b82f25ff38d59446.jpg,snabcidotic,0.783,1
0c2bdbf75a8cb584.jpg,"g. lakovidis, 1902",0.547,1
12e144b15c6e881d.jpg,٤,0.514,1
d4a26d11951eb0e0.jpg,facebook all practitioner ٥٧,0.706,3
65a932352ff991e5.jpg,,0.699,1
74df2b91b22a3198.jpg,00228,0.947,1
66a5337cb7bfe0f7.jpg,٥ walls bean beer bread,0.634,5
0245497d0c801eb1.jpg,"5:30 9:00 sf0 - jfk ""ok google"" departs 8:05 72",0.75,6
c56b6eeef46eff4c.jpg,212,0.604,1
ef241c6c2a16df4d.jpg,,0.0,0
3131ddc6a3d5c0b9.jpg,bun suffers portobello mushroom chook burger ergo cheese burger share 8g nachos 5 vegetarian put pie spaghetti shoestring fries 8 250 4٥٥ 8 250 22,0.732,17
167e699198a271ce.jpg,intense 70000 1848 70 6 ٥,0.888,7
ab2168006c3f8a0e.jpg,,0.0,0
7af2dc039a9151d8.jpg,,0.0,0
e2e34b9343972bf5.jpg,,0.0,0
0038c797a3708652.jpg,000 guide twiistup online video guide lewis citrusbute guide viistup citrusbyte annenberg program online communities ٧٥ ovguite,0.779,15
a5bfd91e7fb6fcb1.jpg,solicitors,0.861,1
9d6f0e1d240b3f18.jpg,philips,0.996,1
2cedac45d54ed95d.jpg,changing all bottle,0.794,2
498fcac77163786a.jpg,,0.0,0
16dc9c57eeb1b8f8.jpg,0٤ chicag0 ٧٤ll٦٥ ٥٤ wrigley,0.72,4
d4870f4ef4f74365.jpg,,0.0,0
d8e5ec7d002fdef8.jpg,,0.0,0
89d6f1ae0021a04e.jpg,,0.0,0
0f579336d38fc032.jpg,,0.0,0
5f2b56adf8d31c9e.jpg,,0.0,0
642574509ac51e90.jpg,by,0.999,1
036c51c7d9da780f.jpg,,0.0,0
c2c5cf4f8d3bab17.jpg,"war savings stamps and help save the country from autocracy ,raw :",0.659,6
44ce91ac547e5bd7.jpg,9:58 playstationostore this service is not available in your countrylregion.,0.637,3
e59bafc8865b7fd4.jpg,١ ؟,0.778,2
90e82d84bf334769.jpg,,0.0,0
2da650438ab6ec75.jpg,373,0.912,1
297037d3f8ea16ef.jpg,,0.0,0
a831f50c5f55b4fd.jpg,"proudly pres ends ٥١٢٢ 0n ٤ ٥ ٥ r ١ l ""founet",0.612,6
0d6d63cff9e78557.jpg,chance credit cards! your,0.732,4
0fab6473778a2205.jpg,ea ٤ ؟ ٦٥ ؟ ٤ ؟,0.718,8
5cc848ddbb3d285e.jpg,8,0.592,2
2ec7acec295488af.jpg,كولا ٤٥,0.727,2
8e26d886087e9f9f.jpg,22 04 2015,0.589,1
f41129afb0a40888.jpg,"the wall antifrafil tale things that gain new york times disorder bestseller author the black sun richly insighta, intriguing fine phrases and 1?4d have riley and",0.778,25
969fda3d7860afb6.jpg,old cuvier purer sienna make,0.872,5
66e3646d65bf2b9a.jpg,,0.0,0
727c0d95cdd1b652.jpg,red ٨eat h neil gaiman stardust follies science,0.885,7
025532b54c27c825.jpg,1osnod,0.649,1
b18ff16c0b064d7e.jpg,avens isopropyl rubbing hope,0.971,4
11f1b0a78b901b57.jpg,197,0.958,1
dc41bb641a86ad08.jpg,٥,0.993,1
af898ab71febb6ee.jpg,٥ 1 ax 0 1 idphules big x i i,0.756,11
3e26539fc96a80fd.jpg,wheat shiva open 7 wine (03-33-2155,0.785,5
e9e73fe10f978bcb.jpg,3 ٤ ٥,0.688,2
f4efd092054a1fc5.jpg,1:00 5 entry 1:30 3:00 start 4:00 tacos 5:00,0.901,9
00685d2d846c9052.jpg,,0.0,0
5c2a1f77bdeb3c82.jpg,u money in your pocket people love us ask lisa now will ٧0u get how,0.784,12
e1ec5278e8637fde.jpg,seppeltsfiel n9 8 us cat ؟,0.784,4
fc9dfaa620a44999.jpg,everyone ٦٥,0.77,2
ecf5a361d8aa85cc.jpg,collaboration,0.707,1
00ef7a8de38d6ac8.jpg,,0.0,0
865e5ad3d526c866.jpg,all way stop,0.62,2
d8d2186eda701b4d.jpg,yankee stay d delta,0.547,2
12f39995dc1bc805.jpg,٤,0.77,2
2b92ce942467f122.jpg,agha singh ٤٦ 42 21,0.773,4
14d68006b52caafb.jpg,0 laura volts grades is terids٠grandes adventures,0.739,4
c39ef4933ae2854b.jpg,day 4٥ open,0.76,3
30ab4a546272ccb3.jpg,pa and your vote does count voting is the ultimate expression of your freedom register today,0.801,4
95d1e0fcb146c844.jpg,,0.0,0
aa42358d10517882.jpg,81 59,0.922,2
e10cef90d91da885.jpg,.ن,0.662,1
08ee5b07b308da8c.jpg,11 12 1 10 2 9 3 8 4 6 5,0.994,11
f91e023f0869c527.jpg,3173_,0.508,1
331dc791ea6f5582.jpg,diversity i content samsung hubs readers hub music hub,0.724,4
19a85c4d3c76d63c.jpg,"pa tit decision e all serenissima republican di venezia a f a ٥ ٧ r e value serial inferior territory bergamo. stampator cameral , 17 82.",0.763,11
7f5edbc0e74739c8.jpg,360 making of fallout. 3 ١٧٤٥٨,0.764,3
3776960288a6a277.jpg,٥٤,0.802,1
04c7c370910a9a04.jpg,,0.0,0
00453fcb4e869350.jpg,linda,0.522,1
03db92d831e995f0.jpg,urbnrbl,0.581,1
8526d48941ae62d9.jpg,to win these products or related prizes sweepstakes inside the center studio for a chance friends of '؟1 friends of friends ٥f friends of via munoz for spectacular colin farrell spectacular spectacular for spectacular sam rockwell woody harrison christopher walked tom waits cabbie cornish olga kurylenko limited edition t- shirts limited t-shirts friends of friends of friends of friends of r spfctaculu spectacular limited 5 ٥٧٥ t-shirts limited edition thirty october 12 006,0.741,34
32164c537fd0817a.jpg,,0.0,0
6a53d934e9e4e235.jpg,٥٥ 2 24 23 13 0 22 a؟٤١ 14 i 25 8 19 30 ٥ 0,0.814,16
f8f7c79cac42a021.jpg,michael seeled photosofstuff net,0.902,2
4de882fc2c355dcb.jpg,0 ٥٢ rock whereof 6' 6 i 7 ؟ c٥ul٥ 5٤ 0 adna6e jungle i ٥٢ total ؟,0.726,19
0b177df2a0b9964f.jpg,6 5 police seek second suspect in road rage killing randi kaye,0.866,3
9dc09446c800a303.jpg,panasonic up,0.798,3
fbae7e4680ccfef9.jpg,,0.0,0
f98670f6cba969ea.jpg,38,1.0,1
01f6c4d1dc9fe72b.jpg,,0.0,0
546e27f604a7a342.jpg,٤٢,0.801,1
7ef9a04bbb3e2095.jpg,killer,0.999,1
04504c6e68b60236.jpg,,0.0,0
3469c22eca7b11c6.jpg,,0.0,0
1bde74034435d004.jpg,going 0 change ١٨ the,0.793,5
04e01069792ad29a.jpg,virginia 4889467 15 703-273-0200 capitals,0.842,5
0066511fff0f1419.jpg,alba,0.778,1
26a8a9678ccfdfb5.jpg,,0.0,0
806091b63ebfc890.jpg,,0.0,0
6f10b7ebd232a641.jpg,,0.0,0
b0ed5889747fcc34.jpg,,0.0,0
fe3bfe0b60a3a261.jpg,8 10020,0.841,1
5d5ceb9d46b7ccee.jpg,,0.0,0
3f2cf3a41f5038ad.jpg,,0.0,0
02882201b7441ec8.jpg,,0.0,0
75fca255396e7257.jpg,new user details username full name password confirm password language lish(c locale) tab eng,0.723,9
37b20486199a4dc4.jpg,,0.0,0
53add07659444382.jpg,pa٤ ٢nt٤ ٤ british ٤٤٦ ٤ ٦٧٥ ؟ alvano-macne,0.659,5
100f84ebfb59f852.jpg,٤٤ 3 he rib ball .249 82 13 49 28 8 08p strike 5 55 38 0٧t toyota communications technology partner an٥ storage innovation .326,0.826,23
5b956d2f54f0644a.jpg,,0.0,0
b74cc23cdb357b13.jpg,,0.0,0
33fecafce9ad7f50.jpg,,0.0,0
4e7511e5a8a0450a.jpg,center plymouth stem crumbrubber business,0.896,5
06ebda8a001014b3.jpg,0 ethiopia,0.828,2
10933273d35d1849.jpg,٤ r ٥ emporia n٥11 ٥ ٧ ٧ ٨ r emporia barman emptor n l c0tton,0.709,10
238ca91a1760e8d4.jpg,c apologia ٤,0.816,3
fb33c0f29131b883.jpg,72578,0.619,1
e9ad2ba05cd9d068.jpg,granite city,0.626,1
0218a2cb4401c6df.jpg,harry harrison the stainless steel rat gets drafted,0.71,4
ef03581f367b9548.jpg,card to start insert coin or of credit,0.77,4
611b6c3268366ad0.jpg,٤,0.954,1
f795ea328d5aad95.jpg,elabinco 46 250,0.841,3
6ba328da85b2f583.jpg,؟٢٧ ginger vinegar,0.689,3
3c575313a05cede3.jpg,drink i 0300 newenglan,0.64,3
5a4f9fe69c9d3aef.jpg,340 caesars,0.982,2
e22ce6177377166c.jpg,08 70(,1.0,2
68552b75d1560449.jpg,,0.0,0
c58de867572819f9.jpg,sons 3 ٨' i,0.781,4
705c30b95aaa6aa1.jpg,"47 tea about welcome back sea change iron seattle, a seattle tacoma international delays : none delays latest security checkpoint wait times south checkpoint min today home can bring ? wait m٧ times",0.823,20
02b484f43777cd5b.jpg,brewing 00n moon moon,0.777,4
aac808477aa00eb9.jpg,1969,0.972,1
2272b2e2b5df909f.jpg,josh,0.941,1
8263a74635bddc23.jpg,victoria 5 ٨ ٢ ٧ h ٨ ٢ ٤ t؟٧٤,0.655,3
b75108d03733e8df.jpg,cessna o-1 bird copyright 2013 bin due airstrip lance v nix south vietnam 1969 009 5003,0.772,8
0a27abbb407ddc47.jpg,,0.0,0
2660673af5aee6a0.jpg,"1830 single malt scotch the isle of full bodied spirit key whisky the only skye from more chilling hills ,",0.793,13
0534930d836682cb.jpg,,0.0,0
206f6db5f72ebc08.jpg,,0.0,0
5918046a48fcd9c6.jpg,٤ ? 9 ٤,0.867,4
f1573f794a6546d0.jpg,٥٤ ٥l٤٧,0.757,2
a17452b44871c8f1.jpg,٤550 erases ٤,0.808,3
9af2194644dd123e.jpg,,0.0,0
87cc4bb89802d049.jpg,٨,0.886,1
ee7652cc87db8ec1.jpg,٤ ٤ erusswuhu super,0.852,4
06bea9caa4e2a7e7.jpg,,0.0,0
151d342f1e67ed40.jpg,,0.0,0
8db859f803cda409.jpg,,0.0,0
a5365f6f27da6871.jpg,2 50,0.883,2
a3d7193f81e2af2e.jpg,school sitter opera fine zartbilter,0.794,5
5d7a93b1f2c32dd4.jpg,brewing co 5.2,0.842,2
d5c18ad80e53a3a2.jpg,,0.0,0
093257282acf0d13.jpg,,0.0,0
d329be5758f8ca02.jpg,el cento chicano and chicana community center,0.891,6
9e1a74655b8bc9d0.jpg,6,0.995,1
d38f1d4b131ecdd0.jpg,0 piccolin0's u r m e t ؟ catering cuisine italian specialists 0840,0.796,9
540dc44fffa3c95f.jpg,thomas becker traditionnelles naturellement sur 5a lie de secures key,0.634,4
1d86a65bb84cb1ab.jpg,1652 1935 98 coowricht mantas copyright mantas j,0.744,5
a31bd9e03ed051ed.jpg,,0.0,0
edff45c02561d54d.jpg,memorial stadium akron children hospital hudson guest 3 clock 0:00 patriotic gk jump start cuyahoga falls nedpatorg hudson,0.795,14
306d4567f40061b3.jpg,٥٥١ ٥٥,0.855,2
453a83da36930d03.jpg,8 22844,0.606,1
ba66c4ff9cb972d8.jpg,,0.0,0
9a72dc642a655070.jpg,"distinction between instrumental and therapeutic medicine a pre- for the doping concept had not yet appeared this age of innocence would eventually last for another generation or two until doping was recognized as threat to the integrity of sport although stimulants were of only marginal interest to the pio- needing physiologists, signs of a more substantial engagement with the issue became evident in the early part of the century one treatise on modern stimulants (1838), an eclectic , sometimes humorous, but ultimately serious meditation on the impact of five excitant on the modern society 0f that day the novelist argues that alcohol, sugar , tea, coffee, and tobacco, having entered french life over the two centuries had changed society profoundly and opium had produced hypertrophied organs and other grave disorders that damage the human machine , while the abuse of tea could sap the female libido drug abuse had also had incalculable social effects the fate of a people, balzac says, echoing eighteenth- century ideas, depends on its biological way life regime in general and on its nutrition in nutrients can create racial dudes grains produce artists while certain stimulants have de- strayed civilizations russia is an autocracy built on alcohol, and the of chocolate had subverted spain s chance to restore the 37 empire stimulants had their bene- but balzac also knew that and he believed that requisite drug example past apti- discovery roman powerful",0.772,65
ae892228262a8dfb.jpg,self,0.789,1
d08a4501dc8c432b.jpg,,0.0,0
0973482ce8a0beb9.jpg,,0.0,0
16fd93fe6f5e34c6.jpg,exquisite hand shelly 0506 chocolates angela road 9103,0.808,7
929e9e81e8c30de9.jpg,5 ٥٤f,0.614,1
6993e9413ea3fa84.jpg,,0.0,0
f000b96493426cfd.jpg,chapeau brandon pessag-leognan bordeaux,0.795,4
a8d967ae06bb3c20.jpg,f10 ٤٦٦ f12 pul page 6 2 p9dn 0 del,0.791,10
c2d74c395fc07bd3.jpg,"٨ storage local and long distance coating shipping hoisting piano franklin auto body shop, inc. 415-437-2888 24",0.817,8
01b3265b22d23b50.jpg,16 mention mediaczar ٨٤ saying started,0.787,6
fec977c9a7f03d36.jpg,,0.0,0
02027b3b8f05ef78.jpg,from 200 sq.m. to ground floor recoil hsbc agents 77 50 500,0.694,5
277658d13c7bd1b6.jpg,12 2 9 3 8 4 firsthand kit,0.934,7
435240ec761366ea.jpg,with paruculir but this does add any knowledge i,0.724,4
3b2a342a1f9bac6f.jpg,226ق,0.674,1
36ae8c11a5eb13c1.jpg,m bureau durance is insurance company 20 bend,0.662,5
2ecbb9e4696d0d35.jpg,925 933-7440 ffoyotatone toyota walnutcreek,0.82,4
b25f2771b8d91588.jpg,gene 1925 uadromania gene ammo's ٧ou can depend on me ٥ jim dago ٥ madman 222402,0.834,11
c88cd3e3c8f08e2a.jpg,four boy who shook the beanies 7 i beatles beatles,0.662,5
b3961e2f4f4c3590.jpg,:؛1 49 399 new age drinks -199,0.865,7
60e47f347edfaa70.jpg,,0.0,0
fcbbd76d84853b6d.jpg,,0.0,0
45a3e9dc6141ae1a.jpg,,0.0,0
bb44d472b0cc552d.jpg,can,1.0,1
ca9130444c8db324.jpg,,0.0,0
99827d3d5090b495.jpg,short ٥ur,0.584,2
ff37a90f49b3e643.jpg,let cashes wan wind 3.002 3.60 3.60 x 2.70 2.7٧ ٥ mixed nuts 60 3.00 3.00 (60) 0 0 she's ٧,0.847,17
98dcb378a3982874.jpg,16 48 79,0.876,3
01335761c3a1a042.jpg,,0.0,0
b93d68f97e68206f.jpg,2014 deutscher spielepreis 2014 ٥hl٤y plate 2014,0.838,7
e85a52547fb81234.jpg,d sure t g e n t i u m li b r i edition ultima,0.798,6
558640ae029affa5.jpg,9 mari entrance,0.619,3
00927c18ac896fc1.jpg,"""if you can t dazzle them with your brilliance",0.621,2
54667cb8183bd7a6.jpg,cent euro,0.865,2
03e38d16213c4067.jpg,,0.0,0
2258490cf90b41c7.jpg,,0.0,0
f073629c88b4155f.jpg,8,0.999,1
81e2c594221a1d67.jpg,u 7,0.796,2
00d419271e7f6568.jpg,hanoi while improving hanoi 0 f a c1ty . l 0 g a n,0.695,7
83467716cb6d47ef.jpg,made it i٨ singapore abs wind lets build bic world mint booth 1023 babelgun,0.835,8
8d756c13150c66a7.jpg,for the 8jelt5 eor-the clarke,0.753,4
6cf4ef724cd0ce0d.jpg,parks canada: a tale of stewardship parts canada one history intendance p canada,0.696,6
1252873867aa8a86.jpg,82,0.999,1
2d02c441eb5347e7.jpg,0 ٥f traffic kept west,0.83,5
54fe89d0a2912010.jpg,21 20 18 7,0.769,5
02fae2fbfa99a8f8.jpg,,0.0,0
c1c6fd1ffc210d87.jpg,؟ ؟,0.864,2
48271db95ff3670c.jpg,fuck my 2016 casa x6839812 8762131 fuel economy,0.82,8
9270daec68337568.jpg,,0.0,0
ffa87e6f99a524bd.jpg,19,0.539,2
177482ed108062de.jpg,bruit,0.57,1
0ba5c4dd506ca3b2.jpg,؟ plastic aluminum bottles cans newspaper,0.841,6
87caf545665a372b.jpg,28 _ 1 8? 16,0.631,4
19a4efa6324dcabc.jpg,the first bottle that tells you when its cold 7,0.586,3
33d0c562e1dde567.jpg,sunset,0.999,1
a58622844e5aeae1.jpg,elm street at n1ght manchester,0.936,4
0378362751977c0b.jpg,handling,0.582,1
b07f044fa04950ba.jpg,orders accepted the day following the race brief of the indianapolis motor speedway choicer m sharp central standard time history,0.78,7
6f07f1589c8444ec.jpg,7 0,0.794,2
1bac4dfb598e62f9.jpg,2 10 2 15 5,0.936,5
88832f56261a6311.jpg,academy,0.88,1
0322f8a71414a329.jpg,trappist,0.749,1
87526f20c3966718.jpg,,0.0,0
e664a558201edede.jpg,؟,0.749,1
689c28e8b50a9935.jpg,,0.0,0
3109e0ab52305483.jpg,,0.0,0
3f88641f8d63fdfe.jpg,sate espresso bosch,0.657,3
b19f3edfebac5793.jpg,,0.0,0
8d85a8897a09937d.jpg,٦ p٦,0.769,1
0bda02a4d21065b4.jpg,1856 middleton of city,0.74,4
a1bfe97c18a4e9a5.jpg,,0.0,0
0d23ef29631d2072.jpg,5 7 6 9 pars no why,0.73,7
48312460bff0993c.jpg,yes yetis yet verism yetis as i local 3isu,0.71,9
647df7c33436f0e5.jpg,,0.0,0
572509d2e6b510fc.jpg,for ٦l2 miles,0.82,2
c9b4f3b3af0f4f03.jpg,"13:58 tue, 15 oct 0",0.764,3
54acf60be73ecba9.jpg,south mafia bringing the mobile community together,0.711,6
078c7eaf1967610d.jpg,telephone,0.982,1
d99f50a991589a10.jpg,feb,0.985,1
00a9eb4c3cd8622c.jpg,foncroit 2 ya raise,0.652,4
1e969d8c0eea1605.jpg,6 r ٤ w 8 5 1 260 royal,0.784,9
4425834c774c3fbd.jpg,3 4 5 7,0.738,4
4ca603f0ccaf0dfc.jpg,,0.0,0
ba01de815f2453c5.jpg,virreinato de bueno tires alone dacian en potosi-1776-1812,0.605,2
b3953e76d6d6a477.jpg,,0.664,1
a8d8c37ad3707d37.jpg,obama,0.961,1
64dcc5967189fa45.jpg,st0p,0.664,1
c4143a44ea02c785.jpg,park pic,0.879,2
f7079935eba15e7b.jpg,,0.0,0
b77a6fbbce16c16e.jpg,"by the المعني معاقي المؤتمر بالأشخاص تنظمه 28, 17 إلى 28 diplomatic visually terence impaired persons 804 property الدبلوماسي البصر الفكرية للملكية العالمية المملكة المنظظمة j٧n٤ 2013 morocco 2013 يونيو المملكة المغربية مراكش .",0.768,29
3e524b34a59c342d.jpg,i 010972542384152 ٤٨ ٧ ١ e,0.772,6
15b0a0ab64aa00e6.jpg,"reynaud camus reynaud camus vista bueno vista bueno park park ٧٧c٧٢ 5 dec. 2014, 16:26:53",0.823,9
1f6124299541f1c9.jpg,granville 11 5,0.57,2
a3ad62ce1143c952.jpg,٤sc shit,0.663,2
d91696287acda283.jpg,,0.0,0
e71b361d184848c4.jpg,,0.0,0
fec67bcf36a2e412.jpg,7,0.846,1
e5d8b8e399534087.jpg,apple to 2 iphone 4 30 ipad 2 done,0.835,5
1cf91fe17df97c17.jpg,7 ad,0.804,2
940cb2de42a4de38.jpg,600,0.518,1
05d7a19d8d6ad54a.jpg,٠٤٧ 8 ؟ ٤ ٥,0.775,5
7bc0110432097846.jpg,0 expedid.c0 32,0.838,3
3f9308297b0e001b.jpg,set the context create hospitable space share collective discoveries explore questions that matter an integrated set of i design principles for conversations that matter listen together encourage everyone for insights contributions connect diverse perspectives hosting,0.813,17
814b70afdfacc9a0.jpg,٥l٥٥٤ by ٤ 29 shakespeare ٤ william ٥l٥٥٤ 2٥5 august venire arts,0.815,12
226825b7c2f7fefe.jpg,franklin theatre the best 0٤ west end th٤ rock years,0.802,7
2fb99af2e910da2f.jpg,read l11le 6appier a h٥ when dhaka cerement e؟٧ ge huh,0.771,11
963efab1d2158942.jpg,according,0.753,1
bdbfae49210475d4.jpg,20 30 40 5 2002 7282,0.948,5
cea8d20c01159255.jpg,,0.0,0
38e15863af1f80ee.jpg,٥٠،٨ ،٨ 5٨٥ ٤7 ٦,0.647,3
cd85ee925a74fed2.jpg,"share emotibrace tamara chahine, philip staud, run wang (bff) get lost in melbourne don't find it, feel it temperature color heartbeat",0.734,7
89f26f8dc06b3b37.jpg,2005 winery farm coco,0.975,4
c533be470356f96e.jpg,٥ r(0375,0.683,2
16cac389c9195554.jpg,katar data i 90 green tea 25 olive soap,0.871,6
b8fecba93e10119d.jpg,٥ 0 ٢,0.789,3
67a86ecac6c98891.jpg,queues likely,0.776,2
12f2971624fd374b.jpg,fused) fused),0.863,2
fb5d0f8bbdcb8ec3.jpg,eblana mineral cosmetics,0.646,2
751fe9822cc47920.jpg,introductory shampoo ٤ unit 159 price,0.89,6
053227f4aed1f791.jpg,4 80,0.74,2
7a8dc6c7b16d8947.jpg,"search by titles, tags and notes 626 kb general 1 file 12.4 mb lecture 3 files airdrop tap to turn on wi-fi and bluetooth to share with people via airdrop ٥ open in open in open in open in bump google drive cinemagram capture cancel",0.861,21
1fe794789d502ff5.jpg,9 ؟,0.728,2
452ca97a412607b0.jpg,20,0.517,1
7408a436bb89dd9b.jpg,,0.0,0
0ff9a60271b083c9.jpg,one de cervices,0.769,2
83ad308d8264bbbd.jpg,kinda at ska alex schuman forum,0.86,5
aa3aec65afa2a286.jpg,"t0 and base airport raff the newcastle now williamtown, the engines aircraft display photographic models i visual - watch fa-18 audio land deck and weapons off",0.837,23
989954d2e52515c5.jpg,your thoughts become your words become your actions. actions become habits. your habits your character character becomes your destiny. buddha your become your,0.774,13
00837e895ee4701f.jpg,pusta)aa muffin sdn. bad baku ٤,0.813,5
eb34a38e10f395b4.jpg,,0.0,0
4fedbfa7641ee6fb.jpg,,0.0,0
5777899d3aaf3a9e.jpg,"mit in die den die in die soft berta fraulein links f hunter , ende, strafed hasengasse scarf r damn and katenplat fraulein . beginnt, ' schwebte hirschgraben hates erhobenen",0.754,23
046755bc157991a6.jpg,cape dentelle 98 points 95 points 96 points 95 poi's 94 points cop,0.816,11
260a736bb7a776a6.jpg,london victoria static (),0.563,2
c181747cfd7614fa.jpg,news,1.0,1
582ac97abbc2613e.jpg,,0.0,0
a6296eaa7c21e9c2.jpg,2,0.559,1
c098f1cb58823ce3.jpg,",",0.647,1
5629c28316ae9a5d.jpg,premium,0.799,1
43af43cc7e2a858a.jpg,r ٢ ٨٠٥ ٥ ٥,0.586,1
03ef38f8a118d5a2.jpg,00 ٨١ carol bottom did ٥٤ ١٦١٥ ؟,0.706,7
3cc5f213bfff8761.jpg,william 2010 william fever fraud fear,0.842,5
87c5b9b8eb339c17.jpg,beatles,0.706,1
747b11a93ff71751.jpg,time billing h٢s 711 50 7'10 45 5 40 20 35 30 25,0.826,10
5f1bb46a327da21f.jpg,,0.0,0
a420fdf2769cb9e8.jpg,see,0.842,1
657bcc1c27cacad8.jpg,؟,0.602,1
dab6215fb32bc42e.jpg,,0.0,0
ce0302b9d652a71c.jpg,,0.0,0
c363489d7b087c70.jpg,reading i5 sexy,0.943,3
0a91fdadfd341024.jpg,؟ ٥a٥o٩ 09 tolerance :,0.695,5
a48f82c2fb1a0b4c.jpg,all natural r nothing,0.889,4
33d288c7f6d2d473.jpg,the last or the new france by alexander dumas king,0.575,4
a140fc058d995bbd.jpg,new brightness appears release on 2013. 05. 30 glitter for iphone5,0.696,4
5ceac85663d9b26e.jpg,55,0.999,1
cd5e06450148dae3.jpg,٧٤ .fm? the social music the definitive online whats last,0.769,6
73ff81c2a25dac60.jpg,٥٦؛ unfiltered wheat ale,0.595,2
144b549dab3888b8.jpg,"٤ practice edhtrdn ؟ "" ٤",0.811,8
1b4dd98ed719a054.jpg,,0.0,0
afa621c40f4c6050.jpg,,0.0,0
29d35c2c8b61e2b1.jpg,"phillips 8 ale vow 5.0 ,2010 phillips",0.771,6
ea90860377a65ea5.jpg,٣ ٤ ٤n٥ ٤,0.769,4
e6ab3f563bde9b2a.jpg,reach hand me that gold sept ٥n' git hold you fire hankering shot,0.811,8
136e28779aa55759.jpg,,0.0,0
1d46818a0c8a0158.jpg,sparkling ٥,0.778,2
85709c643f60254c.jpg,east coast regional anaesthesia 28 29 audit0i august hospital sultana our zahirah for more information 2015) register now main organism supported by sn department hand post graduate anesthesiology and critical care medical education society,0.714,17
de58074baef6aefd.jpg,edge french howard ross helena renee ieodoro cobra mauro bosch maurice pole,0.712,6
a9bac52af833508e.jpg,kami ami kami roam kami kami to p ami kami kami kami kami to kc kami name !--7 ٤,0.847,11
28c0d21964294471.jpg,hic 7 mozart 20 885.00 box,0.726,4
d2aff7f093fe8cda.jpg,٥٧ help yourself beware the shadow,0.725,3
18950ff3ca7e943f.jpg,؟٦٥,0.529,1
4e3bf80906981ba8.jpg,carrousel keeping,0.907,2
83399a00577e6fe3.jpg,"easy events su٨c vascular ryder wednesday, march 27th, 7pm ٥ unfreeze",0.804,7
1113c1f534b8dcca.jpg,"volterra associazionelaserrainsieme a51398 10 sara del cuguolofo"" dagiovedi 7 also 3391639542 volterra ""circolo arch a gloved 7 gusto per prenotazioni: 3391639542 echo",0.777,13
e885e64a30a08aed.jpg,ellen allow kellylink 7 ٥ eighteenth collection,0.671,6
b0b6386ea1ebbfef.jpg,٧٥٥ is bliss boss,0.702,2
a4721119fec66ad6.jpg,sodertorns hogskola sodertقril university library flexibility for the future - fortsattning biblioteken program 14:00-15:30,0.804,10
64a5d0ff05eeb4db.jpg,simple ٣١٧ h ce80at 00,0.673,7
4625b91150946824.jpg,"come to she seemed so full certainly character at being others experience nor noble and beautiful life berta emmers but in many cities throughout 5uch if is its own reward greatest loved only for what she herself was but for the much which she gave me expression of her affection felt rich indeed the old associations to mere gone, but have the pleasant picture of mamie e. tapscott ella c strong, courageous, helpful life, which will be held in full and affectionate memory grate- how far this little candle throws its beams so shines naughty world scattered over our good deed in a light of true character great country are many little beams of light and honest, faithful for the lighting of development of these dignity of labor, many woman character, and the value and shivers looks back to the school will shine for light of her good deeds is years to come and, let us heart "" indeed she did, and for the she was thankful for monuments she what she was and what reared for herself in the hearts and mark the ina many on of one and song and words of who tender should brightness and into it is not she possible to the good leonard. wrought by such woman for she character, and of her life was strong, used 00 blessing her such 0 wallet long living. first seminary days shining, many hope, great lasting , fitting dowers passing had eulogy brought georgia estimate woman many benchiecnt conscientious, everybody friend",0.781,110
1027fbabbbdf5ccb.jpg,dark regions press presents the book of lost places the selected works of jeff vandermeer,0.738,5
73adf0faaf6732ff.jpg,surgeon arm fight ootid gland. in lodged 1 ٧٠ finger of right 17 011 applications 1111 pensioned and with much difficulty musical photographed at the army medical museum by order of the surgeon general,0.642,17
